benchmark,script,mode,repetition,phase,elapsed_sec,returncode,timeout,cache_bytes,valid
beginner,beginner-01.sh,bash,0,cold,0.008673880999594985,0,False,0,True
beginner,beginner-01.sh,bash,0,warm,0.007681207000132417,0,False,0,True
beginner,beginner-01.sh,main,0,cold,0.12642556300033903,0,False,80975,True
beginner,beginner-01.sh,main,0,warm,0.14330833399981202,0,False,80975,True
beginner,beginner-01.sh,try,0,cold,0.5386329299999488,0,False,81534,True
beginner,beginner-01.sh,try,0,warm,0.1529218680007034,0,False,81534,True
beginner,beginner-01.sh,observe,0,cold,0.1407462540000779,0,False,81374,True
beginner,beginner-01.sh,observe,0,warm,0.13617604200044298,0,False,81374,True
beginner,beginner-01.sh,main,1,cold,0.13010176999978285,0,False,80975,True
beginner,beginner-01.sh,main,1,warm,0.12347223300002952,0,False,80975,True
beginner,beginner-01.sh,try,1,cold,0.570496755000022,0,False,81534,True
beginner,beginner-01.sh,try,1,warm,0.1462353050001184,0,False,81534,True
beginner,beginner-01.sh,observe,1,cold,0.16111351800009288,0,False,81374,True
beginner,beginner-01.sh,observe,1,warm,0.13377448699975503,0,False,81374,True
beginner,beginner-01.sh,bash,1,cold,0.006924251000782533,0,False,0,True
beginner,beginner-01.sh,bash,1,warm,0.007435023000653018,0,False,0,True
beginner,beginner-01.sh,try,2,cold,0.5961374899998191,0,False,81534,True
beginner,beginner-01.sh,try,2,warm,0.17245008700047038,0,False,81534,True
beginner,beginner-01.sh,observe,2,cold,0.14813443299954088,0,False,81374,True
beginner,beginner-01.sh,observe,2,warm,0.13817095299964421,0,False,81374,True
beginner,beginner-01.sh,bash,2,cold,0.006978454999625683,0,False,0,True
beginner,beginner-01.sh,bash,2,warm,0.006000756000503316,0,False,0,True
beginner,beginner-01.sh,main,2,cold,0.1426662040003066,0,False,80975,True
beginner,beginner-01.sh,main,2,warm,0.13513958299972728,0,False,80975,True
beginner,beginner-02.sh,bash,0,cold,0.0070343540000976645,0,False,0,True
beginner,beginner-02.sh,bash,0,warm,0.007819770999958564,0,False,0,True
beginner,beginner-02.sh,main,0,cold,0.12795281299986527,0,False,80975,True
beginner,beginner-02.sh,main,0,warm,0.1519634220003354,0,False,80975,True
beginner,beginner-02.sh,try,0,cold,0.6543063019998954,0,False,81534,True
beginner,beginner-02.sh,try,0,warm,0.14544053000008716,0,False,81534,True
beginner,beginner-02.sh,observe,0,cold,0.14436804900014977,0,False,81374,True
beginner,beginner-02.sh,observe,0,warm,0.13191469499997766,0,False,81374,True
beginner,beginner-02.sh,main,1,cold,0.13066209000044182,0,False,80975,True
beginner,beginner-02.sh,main,1,warm,0.16760632199930114,0,False,80975,True
beginner,beginner-02.sh,try,1,cold,0.5939479740000024,0,False,81534,True
beginner,beginner-02.sh,try,1,warm,0.16128357500019774,0,False,81534,True
beginner,beginner-02.sh,observe,1,cold,0.15536088199951337,0,False,81374,True
beginner,beginner-02.sh,observe,1,warm,0.15766595700006292,0,False,81374,True
beginner,beginner-02.sh,bash,1,cold,0.00896358699992561,0,False,0,True
beginner,beginner-02.sh,bash,1,warm,0.008405085999584117,0,False,0,True
beginner,beginner-02.sh,try,2,cold,0.6375421299999289,0,False,81534,True
beginner,beginner-02.sh,try,2,warm,0.15515633300037734,0,False,81534,True
beginner,beginner-02.sh,observe,2,cold,0.147392636999939,0,False,81374,True
beginner,beginner-02.sh,observe,2,warm,0.15294467699914094,0,False,81374,True
beginner,beginner-02.sh,bash,2,cold,0.007015101999968465,0,False,0,True
beginner,beginner-02.sh,bash,2,warm,0.005691037000360666,0,False,0,True
beginner,beginner-02.sh,main,2,cold,0.19995458500034147,0,False,80975,True
beginner,beginner-02.sh,main,2,warm,0.12835857199934253,0,False,80975,True
beginner,beginner-03.sh,bash,0,cold,0.006027804999575892,0,False,0,True
beginner,beginner-03.sh,bash,0,warm,0.007127967000087665,0,False,0,True
beginner,beginner-03.sh,main,0,cold,0.1342074379999758,0,False,161622,True
beginner,beginner-03.sh,main,0,warm,0.1456127320006999,0,False,161622,True
beginner,beginner-03.sh,try,0,cold,0.5689347930001531,0,False,162205,True
beginner,beginner-03.sh,try,0,warm,0.19738527800018346,0,False,162205,True
beginner,beginner-03.sh,observe,0,cold,0.16004620199964847,0,False,162045,True
beginner,beginner-03.sh,observe,0,warm,0.13278752399946825,0,False,162045,True
beginner,beginner-03.sh,main,1,cold,0.13018321299932722,0,False,161622,True
beginner,beginner-03.sh,main,1,warm,0.25407822099987243,0,False,161622,True
beginner,beginner-03.sh,try,1,cold,0.5501343359992461,0,False,162205,True
beginner,beginner-03.sh,try,1,warm,0.15911471999970672,0,False,162205,True
beginner,beginner-03.sh,observe,1,cold,0.17759879700042802,0,False,162045,True
beginner,beginner-03.sh,observe,1,warm,0.15480047199980618,0,False,162045,True
beginner,beginner-03.sh,bash,1,cold,0.008529615000043123,0,False,0,True
beginner,beginner-03.sh,bash,1,warm,0.007793757000399637,0,False,0,True
beginner,beginner-03.sh,try,2,cold,0.551170202999856,0,False,162205,True
beginner,beginner-03.sh,try,2,warm,0.14832162099992274,0,False,162205,True
beginner,beginner-03.sh,observe,2,cold,0.15541157799998473,0,False,162045,True
beginner,beginner-03.sh,observe,2,warm,0.1340308320004624,0,False,162045,True
beginner,beginner-03.sh,bash,2,cold,0.006433704000301077,0,False,0,True
beginner,beginner-03.sh,bash,2,warm,0.011728088000381831,0,False,0,True
beginner,beginner-03.sh,main,2,cold,0.1708133430001908,0,False,161622,True
beginner,beginner-03.sh,main,2,warm,0.1288647490000585,0,False,161622,True
beginner,beginner-04.sh,bash,0,cold,0.00962574300046981,0,False,0,True
beginner,beginner-04.sh,bash,0,warm,0.008818661000077554,0,False,0,True
beginner,beginner-04.sh,main,0,cold,0.13119603900031507,0,False,162945,True
beginner,beginner-04.sh,main,0,warm,0.12899717999971472,0,False,162945,True
beginner,beginner-04.sh,try,0,cold,0.7385885690000578,0,False,164229,True
beginner,beginner-04.sh,try,0,warm,0.1778704749995086,0,False,164229,True
beginner,beginner-04.sh,observe,0,cold,0.1393688949992793,0,False,163937,True
beginner,beginner-04.sh,observe,0,warm,0.13397920199986402,0,False,163937,True
beginner,beginner-04.sh,main,1,cold,0.14549402899956476,0,False,162945,True
beginner,beginner-04.sh,main,1,warm,0.14346649300023273,0,False,162945,True
beginner,beginner-04.sh,try,1,cold,0.7472147979997317,0,False,164229,True
beginner,beginner-04.sh,try,1,warm,0.1786525929992422,0,False,164229,True
beginner,beginner-04.sh,observe,1,cold,0.1869715949997044,0,False,163937,True
beginner,beginner-04.sh,observe,1,warm,0.164613126000404,0,False,163937,True
beginner,beginner-04.sh,bash,1,cold,0.007841392000045744,0,False,0,True
beginner,beginner-04.sh,bash,1,warm,0.011568838999664877,0,False,0,True
beginner,beginner-04.sh,try,2,cold,0.8673119089999091,0,False,164229,True
beginner,beginner-04.sh,try,2,warm,0.17319735799992486,0,False,164229,True
beginner,beginner-04.sh,observe,2,cold,0.21008671100025822,0,False,163937,True
beginner,beginner-04.sh,observe,2,warm,0.1763659380003446,0,False,163937,True
beginner,beginner-04.sh,bash,2,cold,0.007601059000080568,0,False,0,True
beginner,beginner-04.sh,bash,2,warm,0.012194369999633636,0,False,0,True
beginner,beginner-04.sh,main,2,cold,0.14409299900034966,0,False,162945,True
beginner,beginner-04.sh,main,2,warm,0.12821503199938888,0,False,162945,True
beginner,beginner-05.sh,bash,0,cold,0.007324500999857264,0,False,0,True
beginner,beginner-05.sh,bash,0,warm,0.010410731999400014,0,False,0,True
beginner,beginner-05.sh,main,0,cold,0.15633719400011614,0,False,162945,True
beginner,beginner-05.sh,main,0,warm,0.12818611900001997,0,False,162945,True
beginner,beginner-05.sh,try,0,cold,0.7983556359995418,0,False,164229,True
beginner,beginner-05.sh,try,0,warm,0.165635690000272,0,False,164229,True
beginner,beginner-05.sh,observe,0,cold,0.1472963100004563,0,False,163937,True
beginner,beginner-05.sh,observe,0,warm,0.20508981200055132,0,False,163937,True
beginner,beginner-05.sh,main,1,cold,0.1364082430000053,0,False,162945,True
beginner,beginner-05.sh,main,1,warm,0.13209218500014686,0,False,162945,True
beginner,beginner-05.sh,try,1,cold,0.8223954929999309,0,False,164229,True
beginner,beginner-05.sh,try,1,warm,0.2737806149998505,0,False,164229,True
beginner,beginner-05.sh,observe,1,cold,0.1687941079999291,0,False,163937,True
beginner,beginner-05.sh,observe,1,warm,0.22527965500012215,0,False,163937,True
beginner,beginner-05.sh,bash,1,cold,0.008154929000738775,0,False,0,True
beginner,beginner-05.sh,bash,1,warm,0.007209493999653205,0,False,0,True
beginner,beginner-05.sh,try,2,cold,0.748457872000472,0,False,164229,True
beginner,beginner-05.sh,try,2,warm,0.17318961300043156,0,False,164229,True
beginner,beginner-05.sh,observe,2,cold,0.1720773819997703,0,False,163937,True
beginner,beginner-05.sh,observe,2,warm,0.2161623359997975,0,False,163937,True
beginner,beginner-05.sh,bash,2,cold,0.0077459550002458855,0,False,0,True
beginner,beginner-05.sh,bash,2,warm,0.009907616000418784,0,False,0,True
beginner,beginner-05.sh,main,2,cold,0.17127796200020384,0,False,162945,True
beginner,beginner-05.sh,main,2,warm,0.1351869620002617,0,False,162945,True
beginner,beginner-06.sh,bash,0,cold,0.009612601999833714,0,False,0,True
beginner,beginner-06.sh,bash,0,warm,0.01016528800028027,0,False,0,True
beginner,beginner-06.sh,main,0,cold,0.6489815780005301,0,False,163204,True
beginner,beginner-06.sh,main,0,warm,0.1299175739995917,0,False,163204,False
beginner,beginner-06.sh,try,0,cold,0.9332565369995791,0,False,164810,True
beginner,beginner-06.sh,try,0,warm,0.18088312599957135,0,False,164810,True
beginner,beginner-06.sh,observe,0,cold,0.1726037130001714,0,False,164358,True
beginner,beginner-06.sh,observe,0,warm,0.14768355899923336,0,False,164358,True
beginner,beginner-06.sh,main,1,cold,0.5592031000005591,0,False,163204,True
beginner,beginner-06.sh,main,1,warm,0.14604395300011674,0,False,163204,True
beginner,beginner-06.sh,try,1,cold,0.9872080319992165,0,False,164810,True
beginner,beginner-06.sh,try,1,warm,0.24528592199931154,0,False,164810,True
beginner,beginner-06.sh,observe,1,cold,0.159630420999747,0,False,164358,True
beginner,beginner-06.sh,observe,1,warm,0.1727945880002153,0,False,164358,True
beginner,beginner-06.sh,bash,1,cold,0.01197740000043268,0,False,0,True
beginner,beginner-06.sh,bash,1,warm,0.012108509999961825,0,False,0,True
beginner,beginner-06.sh,try,2,cold,1.0551980630007165,0,False,164810,True
beginner,beginner-06.sh,try,2,warm,0.1855576120005935,0,False,164810,True
beginner,beginner-06.sh,observe,2,cold,0.2034386049999739,0,False,164358,True
beginner,beginner-06.sh,observe,2,warm,0.16729335399941192,0,False,164358,True
beginner,beginner-06.sh,bash,2,cold,0.006527652999466227,0,False,0,True
beginner,beginner-06.sh,bash,2,warm,0.005921862999457517,0,False,0,True
beginner,beginner-06.sh,main,2,cold,0.5143976620001922,0,False,163204,True
beginner,beginner-06.sh,main,2,warm,0.14242865599953802,0,False,163204,True
beginner,beginner-07.sh,bash,0,cold,0.006129940999926475,0,False,0,True
beginner,beginner-07.sh,bash,0,warm,0.011430268000367505,0,False,0,True
beginner,beginner-07.sh,main,0,cold,0.16566224799953488,0,False,161646,True
beginner,beginner-07.sh,main,0,warm,0.19238714600032836,0,False,161646,True
beginner,beginner-07.sh,try,0,cold,0.795832621000045,0,False,162930,True
beginner,beginner-07.sh,try,0,warm,0.1631145880000986,0,False,162930,True
beginner,beginner-07.sh,observe,0,cold,0.1714502340000763,0,False,162638,True
beginner,beginner-07.sh,observe,0,warm,0.14322469499984436,0,False,162638,True
beginner,beginner-07.sh,main,1,cold,0.149681634999979,0,False,161646,True
beginner,beginner-07.sh,main,1,warm,0.13319311200029915,0,False,161646,True
beginner,beginner-07.sh,try,1,cold,0.7467321470003299,0,False,162930,True
beginner,beginner-07.sh,try,1,warm,0.3086553079992882,0,False,162930,True
beginner,beginner-07.sh,observe,1,cold,0.18050775000028807,0,False,162638,True
beginner,beginner-07.sh,observe,1,warm,0.19304089700017357,0,False,162638,True
beginner,beginner-07.sh,bash,1,cold,0.011402170000110345,0,False,0,True
beginner,beginner-07.sh,bash,1,warm,0.011844001999634202,0,False,0,True
beginner,beginner-07.sh,try,2,cold,0.7877635940003529,0,False,162930,True
beginner,beginner-07.sh,try,2,warm,0.17316911400030222,0,False,162930,True
beginner,beginner-07.sh,observe,2,cold,0.22180765000030078,0,False,162638,True
beginner,beginner-07.sh,observe,2,warm,0.14033338099943649,0,False,162638,True
beginner,beginner-07.sh,bash,2,cold,0.00765495900031965,0,False,0,True
beginner,beginner-07.sh,bash,2,warm,0.010332502999517601,0,False,0,True
beginner,beginner-07.sh,main,2,cold,0.18143861000044126,0,False,161646,True
beginner,beginner-07.sh,main,2,warm,0.1882728379996479,0,False,161646,True
beginner,beginner-08.sh,bash,0,cold,0.006492970999715908,0,False,0,True
beginner,beginner-08.sh,bash,0,warm,0.006390755999746034,0,False,0,True
beginner,beginner-08.sh,main,0,cold,0.12864649400034978,0,False,162357,True
beginner,beginner-08.sh,main,0,warm,0.14207030800025677,0,False,162357,True
beginner,beginner-08.sh,try,0,cold,0.7731947269994635,0,False,163498,True
beginner,beginner-08.sh,try,0,warm,0.1743116289999307,0,False,163498,True
beginner,beginner-08.sh,observe,0,cold,0.22085590899951058,0,False,163178,True
beginner,beginner-08.sh,observe,0,warm,0.1725935929998741,0,False,163178,True
beginner,beginner-08.sh,main,1,cold,0.14188435200048843,0,False,162357,True
beginner,beginner-08.sh,main,1,warm,0.13028440500056604,0,False,162357,True
beginner,beginner-08.sh,try,1,cold,0.7844812379998984,0,False,163498,True
beginner,beginner-08.sh,try,1,warm,0.19302088099993853,0,False,163498,True
beginner,beginner-08.sh,observe,1,cold,0.14646543099934206,0,False,163178,True
beginner,beginner-08.sh,observe,1,warm,0.13756864199967822,0,False,163178,True
beginner,beginner-08.sh,bash,1,cold,0.00600564599972131,0,False,0,True
beginner,beginner-08.sh,bash,1,warm,0.007584597999994003,0,False,0,True
beginner,beginner-08.sh,try,2,cold,0.7348654059996989,0,False,163498,True
beginner,beginner-08.sh,try,2,warm,0.1698726610002268,0,False,163498,True
beginner,beginner-08.sh,observe,2,cold,0.14498495800035016,0,False,163178,True
beginner,beginner-08.sh,observe,2,warm,0.2122553519993744,0,False,163178,True
beginner,beginner-08.sh,bash,2,cold,0.007012718000623863,0,False,0,True
beginner,beginner-08.sh,bash,2,warm,0.006728035000378441,0,False,0,True
beginner,beginner-08.sh,main,2,cold,0.13841826600037166,0,False,162357,True
beginner,beginner-08.sh,main,2,warm,0.1290699900000618,0,False,162357,True
beginner,beginner-09.sh,bash,0,cold,0.006681727999421128,0,False,0,True
beginner,beginner-09.sh,bash,0,warm,0.005839286999616888,0,False,0,True
beginner,beginner-09.sh,main,0,cold,0.12859469599970907,0,False,169854,True
beginner,beginner-09.sh,main,0,warm,0.12695733200052928,0,False,169854,True
beginner,beginner-09.sh,try,0,cold,1.342438117000711,0,False,170995,True
beginner,beginner-09.sh,try,0,warm,0.23271809299967572,0,False,170995,True
beginner,beginner-09.sh,observe,0,cold,0.14321451899922977,0,False,170675,True
beginner,beginner-09.sh,observe,0,warm,0.13789927100060595,0,False,170675,True
beginner,beginner-09.sh,main,1,cold,0.16651792799984833,0,False,169854,True
beginner,beginner-09.sh,main,1,warm,0.13595048299976042,0,False,169854,True
beginner,beginner-09.sh,try,1,cold,0.7593715150005664,0,False,170995,True
beginner,beginner-09.sh,try,1,warm,0.1747054030001891,0,False,170995,True
beginner,beginner-09.sh,observe,1,cold,0.24332188300013513,0,False,170675,True
beginner,beginner-09.sh,observe,1,warm,0.14492314299968712,0,False,170675,True
beginner,beginner-09.sh,bash,1,cold,0.0071249729999181,0,False,0,True
beginner,beginner-09.sh,bash,1,warm,0.005751862000579422,0,False,0,True
beginner,beginner-09.sh,try,2,cold,0.7600531410007534,0,False,170995,True
beginner,beginner-09.sh,try,2,warm,0.1704956339999626,0,False,170995,True
beginner,beginner-09.sh,observe,2,cold,0.2926773809995211,0,False,170675,True
beginner,beginner-09.sh,observe,2,warm,0.14075953399969876,0,False,170675,True
beginner,beginner-09.sh,bash,2,cold,0.006243214999813063,0,False,0,True
beginner,beginner-09.sh,bash,2,warm,0.011739288999706332,0,False,0,True
beginner,beginner-09.sh,main,2,cold,0.2404396900001302,0,False,169854,True
beginner,beginner-09.sh,main,2,warm,0.15265666600043915,0,False,169854,True
beginner,beginner-10.sh,bash,0,cold,0.006267693999689072,0,False,0,True
beginner,beginner-10.sh,bash,0,warm,0.012002685999505047,0,False,0,True
beginner,beginner-10.sh,main,0,cold,0.1940617519994703,0,False,181455,True
beginner,beginner-10.sh,main,0,warm,0.15008250799928646,0,False,181455,True
beginner,beginner-10.sh,try,0,cold,0.996991698999409,0,False,183179,True
beginner,beginner-10.sh,try,0,warm,0.16998326900011307,0,False,183179,True
beginner,beginner-10.sh,observe,0,cold,0.18893321699943044,0,False,182699,True
beginner,beginner-10.sh,observe,0,warm,0.14960947599956853,0,False,182699,True
beginner,beginner-10.sh,main,1,cold,0.12899073700009467,0,False,181455,True
beginner,beginner-10.sh,main,1,warm,0.1488610169999447,0,False,181455,True
beginner,beginner-10.sh,try,1,cold,0.980099909999808,0,False,183179,True
beginner,beginner-10.sh,try,1,warm,0.19706883499929972,0,False,183179,True
beginner,beginner-10.sh,observe,1,cold,0.22855763400002616,0,False,182699,True
beginner,beginner-10.sh,observe,1,warm,0.13434192900058406,0,False,182699,True
beginner,beginner-10.sh,bash,1,cold,0.00947280799937289,0,False,0,True
beginner,beginner-10.sh,bash,1,warm,0.011690609999277513,0,False,0,True
beginner,beginner-10.sh,try,2,cold,1.1724841100003687,0,False,183179,True
beginner,beginner-10.sh,try,2,warm,0.18436717000076897,0,False,183179,True
beginner,beginner-10.sh,observe,2,cold,0.21446299600029306,0,False,182699,True
beginner,beginner-10.sh,observe,2,warm,0.13416637099999207,0,False,182699,True
beginner,beginner-10.sh,bash,2,cold,0.00688080899999477,0,False,0,True
beginner,beginner-10.sh,bash,2,warm,0.01100235200010502,0,False,0,True
beginner,beginner-10.sh,main,2,cold,0.25585920800040185,0,False,181455,True
beginner,beginner-10.sh,main,2,warm,0.15330748399992444,0,False,181455,True
beginner,beginner-11.sh,bash,0,cold,0.006698883999888494,0,False,0,True
beginner,beginner-11.sh,bash,0,warm,0.00964238699998532,0,False,0,True
beginner,beginner-11.sh,main,0,cold,0.25466838700049266,0,False,184824,True
beginner,beginner-11.sh,main,0,warm,0.1635256900008244,0,False,184824,True
beginner,beginner-11.sh,try,0,cold,1.073628641999676,0,False,187107,True
beginner,beginner-11.sh,try,0,warm,0.19488276399988536,0,False,187107,True
beginner,beginner-11.sh,observe,0,cold,0.1882571400001325,0,False,186467,True
beginner,beginner-11.sh,observe,0,warm,0.16632339100033278,0,False,186467,True
beginner,beginner-11.sh,main,1,cold,0.14931532900027378,0,False,184824,True
beginner,beginner-11.sh,main,1,warm,0.12572235399966303,0,False,184824,True
beginner,beginner-11.sh,try,1,cold,1.1210106520002228,0,False,187107,True
beginner,beginner-11.sh,try,1,warm,0.2403908380001667,0,False,187107,True
beginner,beginner-11.sh,observe,1,cold,0.306708470000558,0,False,186467,True
beginner,beginner-11.sh,observe,1,warm,0.17446171000028698,0,False,186467,True
beginner,beginner-11.sh,bash,1,cold,0.012825355999666499,0,False,0,True
beginner,beginner-11.sh,bash,1,warm,0.011828252999293909,0,False,0,True
beginner,beginner-11.sh,try,2,cold,1.2051281829999425,0,False,187107,True
beginner,beginner-11.sh,try,2,warm,0.2082346930001222,0,False,187107,True
beginner,beginner-11.sh,observe,2,cold,0.2261489740003526,0,False,186467,True
beginner,beginner-11.sh,observe,2,warm,0.21251508299974375,0,False,186467,True
beginner,beginner-11.sh,bash,2,cold,0.006290363000516663,0,False,0,True
beginner,beginner-11.sh,bash,2,warm,0.0057177050002792384,0,False,0,True
beginner,beginner-11.sh,main,2,cold,0.20207402200048818,0,False,184824,True
beginner,beginner-11.sh,main,2,warm,0.13283061099991755,0,False,184824,True
beginner,beginner-12.sh,bash,0,cold,0.006306450999545632,0,False,0,True
beginner,beginner-12.sh,bash,0,warm,0.009332936000646441,0,False,0,True
beginner,beginner-12.sh,main,0,cold,0.14305354800035275,0,False,184824,True
beginner,beginner-12.sh,main,0,warm,0.12654755899984593,0,False,184824,True
beginner,beginner-12.sh,try,0,cold,1.1916987289996541,0,False,187107,True
beginner,beginner-12.sh,try,0,warm,0.2365161520001493,0,False,187107,True
beginner,beginner-12.sh,observe,0,cold,0.16163142799996422,0,False,186467,True
beginner,beginner-12.sh,observe,0,warm,0.18860214300002554,0,False,186467,True
beginner,beginner-12.sh,main,1,cold,0.2570540139995501,0,False,184824,True
beginner,beginner-12.sh,main,1,warm,0.17392563300018082,0,False,184824,True
beginner,beginner-12.sh,try,1,cold,1.2139806929999395,0,False,187107,True
beginner,beginner-12.sh,try,1,warm,0.2563986779996412,0,False,187107,True
beginner,beginner-12.sh,observe,1,cold,0.15433749299972988,0,False,186467,True
beginner,beginner-12.sh,observe,1,warm,0.13859660900016024,0,False,186467,True
beginner,beginner-12.sh,bash,1,cold,0.006892872000207717,0,False,0,True
beginner,beginner-12.sh,bash,1,warm,0.005843306999850029,0,False,0,True
beginner,beginner-12.sh,try,2,cold,1.1857750030003444,0,False,187107,True
beginner,beginner-12.sh,try,2,warm,0.2024651060000906,0,False,187107,True
beginner,beginner-12.sh,observe,2,cold,0.2182863999996698,0,False,186467,True
beginner,beginner-12.sh,observe,2,warm,0.1365776350003216,0,False,186467,True
beginner,beginner-12.sh,bash,2,cold,0.005580695999924501,0,False,0,True
beginner,beginner-12.sh,bash,2,warm,0.006949966999854951,0,False,0,True
beginner,beginner-12.sh,main,2,cold,0.25480546900053014,0,False,184824,True
beginner,beginner-12.sh,main,2,warm,0.16129810700022063,0,False,184824,True
beginner,beginner-13.sh,bash,0,cold,0.006161940999845683,0,False,0,True
beginner,beginner-13.sh,bash,0,warm,0.013041829000030702,0,False,0,True
beginner,beginner-13.sh,main,0,cold,0.24841586700040352,0,False,185392,True
beginner,beginner-13.sh,main,0,warm,0.197322713000176,0,False,185392,False
beginner,beginner-13.sh,try,0,cold,1.1786831030003668,0,False,187107,True
beginner,beginner-13.sh,try,0,warm,0.21788661100072204,0,False,187997,True
beginner,beginner-13.sh,observe,0,cold,0.2553780830003234,0,False,187197,True
beginner,beginner-13.sh,observe,0,warm,0.14160529099990526,0,False,187197,True
beginner,beginner-13.sh,main,1,cold,0.1691948109992154,0,False,185392,True
beginner,beginner-13.sh,main,1,warm,0.174794004999967,0,False,185392,False
beginner,beginner-13.sh,try,1,cold,1.3773645330002182,0,False,187107,True
beginner,beginner-13.sh,try,1,warm,0.22364701700007572,0,False,187997,True
beginner,beginner-13.sh,observe,1,cold,0.15904956299982587,0,False,187197,True
beginner,beginner-13.sh,observe,1,warm,0.13925670699973125,0,False,187197,True
beginner,beginner-13.sh,bash,1,cold,0.006049399000403355,0,False,0,True
beginner,beginner-13.sh,bash,1,warm,0.0054141159998835064,0,False,0,True
beginner,beginner-13.sh,try,2,cold,1.146991462999722,0,False,187107,True
beginner,beginner-13.sh,try,2,warm,0.19694466300006752,0,False,187997,True
beginner,beginner-13.sh,observe,2,cold,0.21908029099995474,0,False,187197,True
beginner,beginner-13.sh,observe,2,warm,0.20331113999964145,0,False,187197,True
beginner,beginner-13.sh,bash,2,cold,0.005795250999653945,0,False,0,True
beginner,beginner-13.sh,bash,2,warm,0.006176304999826243,0,False,0,True
beginner,beginner-13.sh,main,2,cold,0.14327508499991382,0,False,185392,True
beginner,beginner-13.sh,main,2,warm,0.21065646799979731,0,False,185392,False
beginner,beginner-14.sh,bash,0,cold,0.01053000600040832,0,False,0,True
beginner,beginner-14.sh,bash,0,warm,0.011677192999741237,0,False,0,True
beginner,beginner-14.sh,main,0,cold,0.23485206999976072,0,False,185392,True
beginner,beginner-14.sh,main,0,warm,0.14479721099996823,0,False,185392,False
beginner,beginner-14.sh,try,0,cold,1.1865828580002926,0,False,187107,True
beginner,beginner-14.sh,try,0,warm,0.24289011699966068,0,False,187997,True
beginner,beginner-14.sh,observe,0,cold,0.2908590839997487,0,False,187197,True
beginner,beginner-14.sh,observe,0,warm,0.1951851389994772,0,False,187197,True
beginner,beginner-14.sh,main,1,cold,0.15833866199955082,0,False,185392,True
beginner,beginner-14.sh,main,1,warm,0.15566824399957113,0,False,185392,False
beginner,beginner-14.sh,try,1,cold,1.1485271780002222,0,False,187107,True
beginner,beginner-14.sh,try,1,warm,0.19395749199975398,0,False,187997,True
beginner,beginner-14.sh,observe,1,cold,0.15716882699962298,0,False,187197,True
beginner,beginner-14.sh,observe,1,warm,0.2550900409996757,0,False,187197,True
beginner,beginner-14.sh,bash,1,cold,0.006761650000044028,0,False,0,True
beginner,beginner-14.sh,bash,1,warm,0.005840249999891967,0,False,0,True
beginner,beginner-14.sh,try,2,cold,1.0780413009997574,0,False,187107,True
beginner,beginner-14.sh,try,2,warm,0.2778478840000389,0,False,187997,True
beginner,beginner-14.sh,observe,2,cold,0.1535939680006777,0,False,187197,True
beginner,beginner-14.sh,observe,2,warm,0.17619782600013423,0,False,187197,True
beginner,beginner-14.sh,bash,2,cold,0.006071804000384873,0,False,0,True
beginner,beginner-14.sh,bash,2,warm,0.005828757000017504,0,False,0,True
beginner,beginner-14.sh,main,2,cold,0.20348561800074094,0,False,185392,True
beginner,beginner-14.sh,main,2,warm,0.17674825199992483,0,False,185392,False
bio,bio-1.sh,bash,0,cold,0.08087308500034851,0,False,0,True
bio,bio-1.sh,bash,0,warm,0.06997980999949505,0,False,0,True
bio,bio-1.sh,main,0,cold,1.6111600650001492,0,False,4233340,True
bio,bio-1.sh,main,0,warm,0.2714687990001039,0,False,4233340,False
bio,bio-1.sh,try,0,cold,1.8761920520000785,0,False,4238116,True
bio,bio-1.sh,try,0,warm,0.8693292329999167,0,False,4238116,True
bio,bio-1.sh,observe,0,cold,0.2725892689995817,0,False,4235851,True
bio,bio-1.sh,observe,0,warm,0.26324005699916597,0,False,4235851,True
bio,bio-1.sh,main,1,cold,1.689401273999465,0,False,4233340,True
bio,bio-1.sh,main,1,warm,0.24733281299995724,0,False,4233340,False
bio,bio-1.sh,try,1,cold,2.2428397849998873,0,False,4238116,True
bio,bio-1.sh,try,1,warm,0.8080901389994324,0,False,4238116,True
bio,bio-1.sh,observe,1,cold,0.25786914200034516,0,False,4235851,True
bio,bio-1.sh,observe,1,warm,0.31737160600005154,0,False,4235851,True
bio,bio-1.sh,bash,1,cold,0.07958452299953933,0,False,0,True
bio,bio-1.sh,bash,1,warm,0.0694817769999645,0,False,0,True
bio,bio-1.sh,try,2,cold,1.9603810520002298,0,False,4238116,True
bio,bio-1.sh,try,2,warm,0.8984698629992636,0,False,4238116,True
bio,bio-1.sh,observe,2,cold,0.2598657489998004,0,False,4235851,True
bio,bio-1.sh,observe,2,warm,0.22024615600003017,0,False,4235851,True
bio,bio-1.sh,bash,2,cold,0.07190293399980874,0,False,0,True
bio,bio-1.sh,bash,2,warm,0.08908172900009959,0,False,0,True
bio,bio-1.sh,main,2,cold,1.6864392299994506,0,False,4233340,True
bio,bio-1.sh,main,2,warm,0.26684894200025155,0,False,4233340,False
bio,bio-2.sh,bash,0,cold,0.07925601799979631,0,False,0,True
bio,bio-2.sh,bash,0,warm,0.07682241699967562,0,False,0,True
bio,bio-2.sh,main,0,cold,1.6836382820001745,0,False,4233379,True
bio,bio-2.sh,main,0,warm,0.28672887300035654,0,False,4233379,False
bio,bio-2.sh,try,0,cold,1.767914027000188,0,False,4238179,True
bio,bio-2.sh,try,0,warm,0.9827108050003517,0,False,4238179,True
bio,bio-2.sh,observe,0,cold,0.33856911300063075,0,False,4235914,True
bio,bio-2.sh,observe,0,warm,0.2382019910000963,0,False,4235914,True
bio,bio-2.sh,main,1,cold,1.5889417139997022,0,False,4233379,True
bio,bio-2.sh,main,1,warm,0.3103656939993016,0,False,4233379,False
bio,bio-2.sh,try,1,cold,1.8636514070003614,0,False,4238179,True
bio,bio-2.sh,try,1,warm,0.8964129959995262,0,False,4238179,True
bio,bio-2.sh,observe,1,cold,0.2436586300000272,0,False,4235914,True
bio,bio-2.sh,observe,1,warm,0.3258799099994576,0,False,4235914,True
bio,bio-2.sh,bash,1,cold,0.10932499800037476,0,False,0,True
bio,bio-2.sh,bash,1,warm,0.07290010999986407,0,False,0,True
bio,bio-2.sh,try,2,cold,1.856116386999929,0,False,4238179,True
bio,bio-2.sh,try,2,warm,0.8790674150004634,0,False,4238197,True
bio,bio-2.sh,observe,2,cold,0.24993062599969562,0,False,4235914,True
bio,bio-2.sh,observe,2,warm,0.29728277099911793,0,False,4235932,True
bio,bio-2.sh,bash,2,cold,0.092088682999929,0,False,0,True
bio,bio-2.sh,bash,2,warm,0.08329994900032034,0,False,0,True
bio,bio-2.sh,main,2,cold,1.608836837999661,0,False,4233379,True
bio,bio-2.sh,main,2,warm,0.3140093419997356,0,False,4233379,False
bio,bio-3.sh,bash,0,cold,0.4766727699998228,0,False,0,True
bio,bio-3.sh,bash,0,warm,0.376871010999821,0,False,0,True
bio,bio-3.sh,main,0,cold,14.736975793000056,0,False,6286890,True
bio,bio-3.sh,main,0,warm,2.209692364000148,0,False,6286890,False
bio,bio-3.sh,try,0,cold,15.02185469899996,0,False,6324206,True
bio,bio-3.sh,try,0,warm,14.288390070999412,0,False,6324206,True
bio,bio-3.sh,observe,0,cold,1.0783062240006984,0,False,6307593,True
bio,bio-3.sh,observe,0,warm,1.0975763689993983,0,False,6307593,True
bio,bio-3.sh,main,1,cold,14.938877776000481,0,False,6286890,True
bio,bio-3.sh,main,1,warm,2.2075800190004884,0,False,6286908,False
bio,bio-3.sh,try,1,cold,15.148840555999413,0,False,6324206,True
bio,bio-3.sh,try,1,warm,13.521869549999792,0,False,6324206,True
bio,bio-3.sh,observe,1,cold,1.438008343000547,0,False,6307593,True
bio,bio-3.sh,observe,1,warm,1.1078112980003425,0,False,6307611,True
bio,bio-3.sh,bash,1,cold,0.45758042199940974,0,False,0,True
bio,bio-3.sh,bash,1,warm,0.49415707100069994,0,False,0,True
bio,bio-3.sh,try,2,cold,15.263902560000133,0,False,6324206,True
bio,bio-3.sh,try,2,warm,13.90305197500038,0,False,6324224,True
bio,bio-3.sh,observe,2,cold,1.057084317000772,0,False,6307593,True
bio,bio-3.sh,observe,2,warm,1.096029221000208,0,False,6307593,True
bio,bio-3.sh,bash,2,cold,0.5000312510001095,0,False,0,True
bio,bio-3.sh,bash,2,warm,0.40015014999971754,0,False,0,True
bio,bio-3.sh,main,2,cold,14.313365054000315,0,False,6286890,True
bio,bio-3.sh,main,2,warm,2.123596753000129,0,False,6286890,False
bio,bio-4-0.sh,bash,0,cold,0.7930838309994215,0,False,0,True
bio,bio-4-0.sh,bash,0,warm,0.46272083900021244,0,False,0,True
bio,bio-4-0.sh,main,0,cold,14.618057451999448,0,False,6286901,True
bio,bio-4-0.sh,main,0,warm,2.101380054999936,0,False,6286901,False
bio,bio-4-0.sh,try,0,cold,0.6670870079997258,0,False,0,True
bio,bio-4-0.sh,try,0,warm,0.7726602539996748,0,False,0,True
bio,bio-4-0.sh,observe,0,cold,0.8379597940001986,0,False,0,True
bio,bio-4-0.sh,observe,0,warm,0.7899905439999202,0,False,0,True
bio,bio-4-0.sh,main,1,cold,14.431616181000209,0,False,6286901,True
bio,bio-4-0.sh,main,1,warm,1.9252378669998507,0,False,6286901,False
bio,bio-4-0.sh,try,1,cold,0.6721465119999266,0,False,0,True
bio,bio-4-0.sh,try,1,warm,0.6806941340000776,0,False,0,True
bio,bio-4-0.sh,observe,1,cold,0.6482019389986817,0,False,0,True
bio,bio-4-0.sh,observe,1,warm,0.800733431999106,0,False,0,True
bio,bio-4-0.sh,bash,1,cold,0.46759127100085607,0,False,0,True
bio,bio-4-0.sh,bash,1,warm,0.4164375939999445,0,False,0,True
bio,bio-4-0.sh,try,2,cold,0.7291016729996045,0,False,0,True
bio,bio-4-0.sh,try,2,warm,0.5762710130002233,0,False,0,True
bio,bio-4-0.sh,observe,2,cold,0.6342787909998151,0,False,0,True
bio,bio-4-0.sh,observe,2,warm,0.9345101540002361,0,False,0,True
bio,bio-4-0.sh,bash,2,cold,0.37969027800136246,0,False,0,True
bio,bio-4-0.sh,bash,2,warm,0.4061900260003313,0,False,0,True
bio,bio-4-0.sh,main,2,cold,15.43650374200115,0,False,6286901,True
bio,bio-4-0.sh,main,2,warm,2.0885205329996097,0,False,6286901,False
bio,bio-4.sh,bash,0,cold,0.5292504640001425,0,False,0,True
bio,bio-4.sh,bash,0,warm,0.6193824549991405,0,False,0,True
bio,bio-4.sh,main,0,cold,14.308541081998555,0,False,6286901,True
bio,bio-4.sh,main,0,warm,2.0649417889999313,0,False,6286901,False
bio,bio-4.sh,try,0,cold,0.7554422599987447,0,False,0,True
bio,bio-4.sh,try,0,warm,0.7448585969996202,0,False,0,True
bio,bio-4.sh,observe,0,cold,0.7084212369991292,0,False,0,True
bio,bio-4.sh,observe,0,warm,0.6954040380005608,0,False,0,True
bio,bio-4.sh,main,1,cold,15.15529057799904,0,False,6286901,True
bio,bio-4.sh,main,1,warm,2.148446946999684,0,False,6286901,False
bio,bio-4.sh,try,1,cold,0.844351187999564,0,False,0,True
bio,bio-4.sh,try,1,warm,0.6968018070001563,0,False,0,True
bio,bio-4.sh,observe,1,cold,0.8220229859998653,0,False,0,True
bio,bio-4.sh,observe,1,warm,0.6681882940010837,0,False,0,True
bio,bio-4.sh,bash,1,cold,0.5019178139991709,0,False,0,True
bio,bio-4.sh,bash,1,warm,0.39374922999923,0,False,0,True
bio,bio-4.sh,try,2,cold,0.721920282998326,0,False,0,True
bio,bio-4.sh,try,2,warm,0.8057322879994899,0,False,0,True
bio,bio-4.sh,observe,2,cold,0.7252786989993183,0,False,0,True
bio,bio-4.sh,observe,2,warm,0.7265996999994968,0,False,0,True
bio,bio-4.sh,bash,2,cold,0.5004485179997573,0,False,0,True
bio,bio-4.sh,bash,2,warm,0.48348856400116347,0,False,0,True
bio,bio-4.sh,main,2,cold,14.240767326000423,0,False,6286901,True
bio,bio-4.sh,main,2,warm,2.1348274209994997,0,False,6286901,False
bio,bio-5.sh,bash,0,cold,0.5185313670008327,0,False,0,True
bio,bio-5.sh,bash,0,warm,0.5387136410008679,0,False,0,True
bio,bio-5.sh,main,0,cold,14.891068664999693,0,False,6290433,True
bio,bio-5.sh,main,0,warm,2.128021673999683,0,False,6290433,False
bio,bio-5.sh,try,0,cold,0.77083131299878,0,False,0,True
bio,bio-5.sh,try,0,warm,0.7480732670010184,0,False,0,True
bio,bio-5.sh,observe,0,cold,0.8689262040006724,0,False,0,True
bio,bio-5.sh,observe,0,warm,0.6748419830000785,0,False,0,True
bio,bio-5.sh,main,1,cold,15.287792768000145,0,False,6290433,True
bio,bio-5.sh,main,1,warm,2.088437069000065,0,False,6290433,False
bio,bio-5.sh,try,1,cold,0.6715770549999434,0,False,0,True
bio,bio-5.sh,try,1,warm,0.7460790850000194,0,False,0,True
bio,bio-5.sh,observe,1,cold,0.6781106589987758,0,False,0,True
bio,bio-5.sh,observe,1,warm,0.6891754190000938,0,False,0,True
bio,bio-5.sh,bash,1,cold,0.6412067789988214,0,False,0,True
bio,bio-5.sh,bash,1,warm,0.535205946998758,0,False,0,True
bio,bio-5.sh,try,2,cold,0.6933344030003354,0,False,0,True
bio,bio-5.sh,try,2,warm,0.8685710390000168,0,False,0,True
bio,bio-5.sh,observe,2,cold,0.7838297380003496,0,False,0,True
bio,bio-5.sh,observe,2,warm,0.72456623799917,0,False,0,True
bio,bio-5.sh,bash,2,cold,0.5336536800004978,0,False,0,True
bio,bio-5.sh,bash,2,warm,0.4867321000001539,0,False,0,True
bio,bio-5.sh,main,2,cold,15.140386830000352,0,False,6290433,True
bio,bio-5.sh,main,2,warm,2.101339332999487,0,False,6290433,False
bio,bio-6.sh,bash,0,cold,0.6556138450014259,0,False,0,True
bio,bio-6.sh,bash,0,warm,0.5419889259992487,0,False,0,True
bio,bio-6.sh,main,0,cold,16.709449888001473,0,False,6335210,True
bio,bio-6.sh,main,0,warm,2.931450420001056,0,False,6335210,False
bio,bio-6.sh,try,0,cold,1.3287823459995707,0,False,50760,True
bio,bio-6.sh,try,0,warm,1.5959701120009413,0,False,50760,True
bio,bio-6.sh,observe,0,cold,0.9441884640000353,0,False,55535,True
bio,bio-6.sh,observe,0,warm,1.2116815749996022,0,False,55535,True
bio,bio-6.sh,main,1,cold,15.794908738998856,0,False,6335210,True
bio,bio-6.sh,main,1,warm,2.9979648059998,0,False,6335210,False
bio,bio-6.sh,try,1,cold,1.2412979049986461,0,False,50760,True
bio,bio-6.sh,try,1,warm,1.5440935989990976,0,False,50760,True
bio,bio-6.sh,observe,1,cold,1.1090281649994722,0,False,55535,True
bio,bio-6.sh,observe,1,warm,0.9271682519993192,0,False,55535,True
bio,bio-6.sh,bash,1,cold,0.5494322129998181,0,False,0,True
bio,bio-6.sh,bash,1,warm,0.648738753001453,0,False,0,True
bio,bio-6.sh,try,2,cold,1.4729176860000734,0,False,50760,True
bio,bio-6.sh,try,2,warm,1.3883764269994572,0,False,50760,True
bio,bio-6.sh,observe,2,cold,1.2447196890007035,0,False,55535,True
bio,bio-6.sh,observe,2,warm,1.257647125999938,0,False,55535,True
bio,bio-6.sh,bash,2,cold,0.72442568400038,0,False,0,True
bio,bio-6.sh,bash,2,warm,0.4715001829990797,0,False,0,True
bio,bio-6.sh,main,2,cold,16.087736509000024,0,False,6335210,True
bio,bio-6.sh,main,2,warm,2.8371111619999283,0,False,6335210,False
covid,1.sh,bash,0,cold,0.01639455300028203,0,False,0,True
covid,1.sh,bash,0,warm,0.014840796000498813,0,False,0,True
covid,1.sh,main,0,cold,0.16319515599934675,0,False,919293,True
covid,1.sh,main,0,warm,0.21470416500051215,0,False,919293,False
covid,1.sh,try,0,cold,1.621226884999487,0,False,922381,True
covid,1.sh,try,0,warm,0.29412460700041265,0,False,922381,True
covid,1.sh,observe,0,cold,0.2345818430003419,0,False,921563,True
covid,1.sh,observe,0,warm,0.15244325599996955,0,False,921563,True
covid,1.sh,main,1,cold,0.2490328439998848,0,False,919293,True
covid,1.sh,main,1,warm,0.1297417720015801,0,False,919293,False
covid,1.sh,try,1,cold,1.538272062998658,0,False,922381,True
covid,1.sh,try,1,warm,0.27101309600038803,0,False,922381,True
covid,1.sh,observe,1,cold,0.24069091499950446,0,False,921563,True
covid,1.sh,observe,1,warm,0.23698994000005769,0,False,921563,True
covid,1.sh,bash,1,cold,0.014998571001342498,0,False,0,True
covid,1.sh,bash,1,warm,0.025339231999168987,0,False,0,True
covid,1.sh,try,2,cold,1.64002321100088,0,False,922381,True
covid,1.sh,try,2,warm,0.2260146419994271,0,False,922381,True
covid,1.sh,observe,2,cold,0.1769100569999864,0,False,921563,True
covid,1.sh,observe,2,warm,0.21725991899984365,0,False,921563,True
covid,1.sh,bash,2,cold,0.013118105000103242,0,False,0,True
covid,1.sh,bash,2,warm,0.02554422300090664,0,False,0,True
covid,1.sh,main,2,cold,0.15701171799992153,0,False,919293,True
covid,1.sh,main,2,warm,0.15951328799928888,0,False,919293,False
covid,2.sh,bash,0,cold,0.02337610299946391,0,False,0,True
covid,2.sh,bash,0,warm,0.018604537999635795,0,False,0,True
covid,2.sh,main,0,cold,0.17954637699949672,0,False,944188,True
covid,2.sh,main,0,warm,0.21617137100110995,0,False,944188,False
covid,2.sh,try,0,cold,1.9367075080008362,0,False,947835,True
covid,2.sh,try,0,warm,0.3799960319993261,0,False,947835,True
covid,2.sh,observe,0,cold,0.18604390300060913,0,False,946857,True
covid,2.sh,observe,0,warm,0.15838776199962012,0,False,946857,True
covid,2.sh,main,1,cold,0.1743559299993649,0,False,944188,True
covid,2.sh,main,1,warm,0.267099173999668,0,False,944188,False
covid,2.sh,try,1,cold,1.7352465980002307,0,False,947835,True
covid,2.sh,try,1,warm,0.31110725199869194,0,False,947835,True
covid,2.sh,observe,1,cold,0.30536191499959386,0,False,946857,True
covid,2.sh,observe,1,warm,0.2154720049984462,0,False,946857,True
covid,2.sh,bash,1,cold,0.014116939000814455,0,False,0,True
covid,2.sh,bash,1,warm,0.02577647899852309,0,False,0,True
covid,2.sh,try,2,cold,1.8460982269989472,0,False,947835,True
covid,2.sh,try,2,warm,0.249550401000306,0,False,947835,True
covid,2.sh,observe,2,cold,0.1793445300008898,0,False,946857,True
covid,2.sh,observe,2,warm,0.21359365600073943,0,False,946857,True
covid,2.sh,bash,2,cold,0.014123472001301707,0,False,0,True
covid,2.sh,bash,2,warm,0.028164178000224638,0,False,0,True
covid,2.sh,main,2,cold,0.24470645700057503,0,False,944188,True
covid,2.sh,main,2,warm,0.20362101099999563,0,False,944188,False
covid,3.sh,bash,0,cold,0.032672200999513734,0,False,0,True
covid,3.sh,bash,0,warm,0.04307962500024587,0,False,0,True
covid,3.sh,main,0,cold,0.2332247409995034,0,False,1065430,True
covid,3.sh,main,0,warm,0.2743333150010585,0,False,1065430,False
covid,3.sh,try,0,cold,1.6482601450006769,0,False,1069077,True
covid,3.sh,try,0,warm,0.3180826400002843,0,False,1069077,True
covid,3.sh,observe,0,cold,0.20765146399935475,0,False,1068099,True
covid,3.sh,observe,0,warm,0.15860200400129543,0,False,1068099,True
covid,3.sh,main,1,cold,0.21473358399998688,0,False,1065430,True
covid,3.sh,main,1,warm,0.2013075810009468,0,False,1065430,False
covid,3.sh,try,1,cold,1.6903341289998934,0,False,1069077,True
covid,3.sh,try,1,warm,0.24956307599859429,0,False,1069077,True
covid,3.sh,observe,1,cold,0.2149008509986743,0,False,1068099,True
covid,3.sh,observe,1,warm,0.1436630990010599,0,False,1068099,True
covid,3.sh,bash,1,cold,0.039950188000148046,0,False,0,True
covid,3.sh,bash,1,warm,0.02353350399971532,0,False,0,True
covid,3.sh,try,2,cold,1.6836092529993039,0,False,1069077,True
covid,3.sh,try,2,warm,0.33058003800033475,0,False,1069077,True
covid,3.sh,observe,2,cold,0.22058770900002855,0,False,1068099,True
covid,3.sh,observe,2,warm,0.17385253199972794,0,False,1068099,True
covid,3.sh,bash,2,cold,0.033395664000636316,0,False,0,True
covid,3.sh,bash,2,warm,0.030914351000319584,0,False,0,True
covid,3.sh,main,2,cold,0.2492712469993421,0,False,1065430,True
covid,3.sh,main,2,warm,0.14902967899979558,0,False,1065430,False
covid,4.sh,bash,0,cold,0.03117262799969467,0,False,0,True
covid,4.sh,bash,0,warm,0.022368289000951336,0,False,0,True
covid,4.sh,main,0,cold,0.2140683199995692,0,False,882037,True
covid,4.sh,main,0,warm,0.21454950899897085,0,False,882037,False
covid,4.sh,try,0,cold,1.5197077709999576,0,False,885125,True
covid,4.sh,try,0,warm,0.29857257299954654,0,False,885125,True
covid,4.sh,observe,0,cold,0.17932316599944897,0,False,884307,True
covid,4.sh,observe,0,warm,0.21791418000066187,0,False,884307,True
covid,4.sh,main,1,cold,0.17783582600168302,0,False,882037,True
covid,4.sh,main,1,warm,0.15685738399952243,0,False,882037,False
covid,4.sh,try,1,cold,1.5186494560002757,0,False,885125,True
covid,4.sh,try,1,warm,0.27024556300057156,0,False,885125,True
covid,4.sh,observe,1,cold,0.24274304800019308,0,False,884307,True
covid,4.sh,observe,1,warm,0.24029268800040882,0,False,884307,True
covid,4.sh,bash,1,cold,0.01981528099895513,0,False,0,True
covid,4.sh,bash,1,warm,0.031256391001079464,0,False,0,True
covid,4.sh,try,2,cold,1.6002658710003743,0,False,885125,True
covid,4.sh,try,2,warm,0.24054753900054493,0,False,885125,True
covid,4.sh,observe,2,cold,0.1898528069996246,0,False,884307,True
covid,4.sh,observe,2,warm,0.17171976300051028,0,False,884307,True
covid,4.sh,bash,2,cold,0.021371341999838478,0,False,0,True
covid,4.sh,bash,2,warm,0.021606651000183774,0,False,0,True
covid,4.sh,main,2,cold,0.15726835500026937,0,False,882037,True
covid,4.sh,main,2,warm,0.15977470700090635,0,False,882037,False
covid,5.sh,bash,0,cold,0.037978014999680454,0,False,0,True
covid,5.sh,bash,0,warm,0.01977774399892951,0,False,0,True
covid,5.sh,main,0,cold,0.1714143139997759,0,False,749578,True
covid,5.sh,main,0,warm,0.1340226629999961,0,False,749578,True
covid,5.sh,try,0,cold,0.8727494969989493,0,False,751076,True
covid,5.sh,try,0,warm,0.1734692050013109,0,False,751076,True
covid,5.sh,observe,0,cold,0.18442674499965506,0,False,750258,True
covid,5.sh,observe,0,warm,0.14666640600080427,0,False,750258,True
covid,5.sh,main,1,cold,0.19850734299870965,0,False,749578,True
covid,5.sh,main,1,warm,0.22143681699890294,0,False,749578,True
covid,5.sh,try,1,cold,0.8367195949995221,0,False,751076,True
covid,5.sh,try,1,warm,0.18482961300105671,0,False,751076,True
covid,5.sh,observe,1,cold,0.16982449500028451,0,False,750258,True
covid,5.sh,observe,1,warm,0.1432250269990618,0,False,750258,True
covid,5.sh,bash,1,cold,0.024080856001091888,0,False,0,True
covid,5.sh,bash,1,warm,0.023022297998977592,0,False,0,True
covid,5.sh,try,2,cold,0.8257933639997646,0,False,751076,True
covid,5.sh,try,2,warm,0.16679554099937377,0,False,751076,True
covid,5.sh,observe,2,cold,0.17548777599949972,0,False,750258,True
covid,5.sh,observe,2,warm,0.20796786800019618,0,False,750258,True
covid,5.sh,bash,2,cold,0.01945818700005475,0,False,0,True
covid,5.sh,bash,2,warm,0.023251626000273973,0,False,0,True
covid,5.sh,main,2,cold,0.18868669999937993,0,False,749578,True
covid,5.sh,main,2,warm,0.1699309590003395,0,False,749578,False
file-mod,file-mod-1.sh,bash,0,cold,0.2599299430003157,0,False,0,True
file-mod,file-mod-1.sh,bash,0,warm,0.22300740399987262,0,False,0,True
file-mod,file-mod-1.sh,main,0,cold,2.1711084419985127,0,False,232713,True
file-mod,file-mod-1.sh,main,0,warm,0.4002797119992465,0,False,232720,False
file-mod,file-mod-1.sh,try,0,cold,2.3235508569996455,0,False,245847,True
file-mod,file-mod-1.sh,try,0,warm,2.2081625499995425,0,False,245847,True
file-mod,file-mod-1.sh,observe,0,cold,0.8851314750008896,0,False,258461,True
file-mod,file-mod-1.sh,observe,0,warm,0.17272052299995266,0,False,258461,True
file-mod,file-mod-1.sh,main,1,cold,2.285893093001505,0,False,232713,True
file-mod,file-mod-1.sh,main,1,warm,0.40870468799948867,0,False,232713,False
file-mod,file-mod-1.sh,try,1,cold,2.3390363010003057,0,False,245847,True
file-mod,file-mod-1.sh,try,1,warm,1.6322848060008255,0,False,245854,True
file-mod,file-mod-1.sh,observe,1,cold,0.8845159390002664,0,False,258461,True
file-mod,file-mod-1.sh,observe,1,warm,0.1667483520013775,0,False,258461,True
file-mod,file-mod-1.sh,bash,1,cold,0.2239112869992823,0,False,0,True
file-mod,file-mod-1.sh,bash,1,warm,0.263457039000059,0,False,0,True
file-mod,file-mod-1.sh,try,2,cold,2.1939252560005116,0,False,245847,True
file-mod,file-mod-1.sh,try,2,warm,1.5917526540015388,0,False,245847,True
file-mod,file-mod-1.sh,observe,2,cold,0.9232128690000536,0,False,258461,True
file-mod,file-mod-1.sh,observe,2,warm,0.17327529700014566,0,False,258461,True
file-mod,file-mod-1.sh,bash,2,cold,0.26006633799988776,0,False,0,True
file-mod,file-mod-1.sh,bash,2,warm,0.2624031620016467,0,False,0,True
file-mod,file-mod-1.sh,main,2,cold,2.3155366539995157,0,False,232713,True
file-mod,file-mod-1.sh,main,2,warm,0.40867008399982296,0,False,232720,False
file-mod,file-mod-2.sh,bash,0,cold,0.25193773899991356,0,False,0,True
file-mod,file-mod-2.sh,bash,0,warm,0.24714749299891992,0,False,0,True
file-mod,file-mod-2.sh,main,0,cold,4.100038415999734,0,False,389919,True
file-mod,file-mod-2.sh,main,0,warm,0.7029238699997222,0,False,389919,False
file-mod,file-mod-2.sh,try,0,cold,4.19652952099932,0,False,406512,True
file-mod,file-mod-2.sh,try,0,warm,3.4423827509999683,0,False,406512,True
file-mod,file-mod-2.sh,observe,0,cold,1.043311410001479,0,False,417926,True
file-mod,file-mod-2.sh,observe,0,warm,0.2816711319992464,0,False,417957,True
file-mod,file-mod-2.sh,main,1,cold,4.028641922001043,0,False,389919,True
file-mod,file-mod-2.sh,main,1,warm,0.7216557970004942,0,False,389919,False
file-mod,file-mod-2.sh,try,1,cold,3.9274762690001808,0,False,406512,True
file-mod,file-mod-2.sh,try,1,warm,3.346585575000063,0,False,406512,True
file-mod,file-mod-2.sh,observe,1,cold,0.9226070009990508,0,False,417929,True
file-mod,file-mod-2.sh,observe,1,warm,0.2816156080007204,0,False,417927,True
file-mod,file-mod-2.sh,bash,1,cold,0.2548036290008895,0,False,0,True
file-mod,file-mod-2.sh,bash,1,warm,0.3123474170006375,0,False,0,True
file-mod,file-mod-2.sh,try,2,cold,4.048857567999221,0,False,406512,True
file-mod,file-mod-2.sh,try,2,warm,3.345904222998797,0,False,406512,True
file-mod,file-mod-2.sh,observe,2,cold,0.9339072799994028,0,False,417934,True
file-mod,file-mod-2.sh,observe,2,warm,0.2836457060002431,0,False,417935,True
file-mod,file-mod-2.sh,bash,2,cold,0.2749415610014694,0,False,0,True
file-mod,file-mod-2.sh,bash,2,warm,0.23946048400102882,0,False,0,True
file-mod,file-mod-2.sh,main,2,cold,4.085187456999847,0,False,389919,True
file-mod,file-mod-2.sh,main,2,warm,0.6909840419993998,0,False,389919,False
file-mod,file-mod-3.sh,bash,0,cold,0.25703511600113416,0,False,0,True
file-mod,file-mod-3.sh,bash,0,warm,0.26199691299916594,0,False,0,True
file-mod,file-mod-3.sh,main,0,cold,3.3773400929985655,0,False,379349,True
file-mod,file-mod-3.sh,main,0,warm,0.50808685300035,0,False,379349,False
file-mod,file-mod-3.sh,try,0,cold,3.5999115260001417,0,False,396716,True
file-mod,file-mod-3.sh,try,0,warm,2.9473181899993506,0,False,396716,True
file-mod,file-mod-3.sh,observe,0,cold,0.8339109489988914,0,False,405648,True
file-mod,file-mod-3.sh,observe,0,warm,0.2611280649998662,0,False,405648,True
file-mod,file-mod-3.sh,main,1,cold,3.608585536998362,0,False,379349,True
file-mod,file-mod-3.sh,main,1,warm,0.5224701659990387,0,False,379349,False
file-mod,file-mod-3.sh,try,1,cold,3.28198513100142,0,False,396716,True
file-mod,file-mod-3.sh,try,1,warm,2.7090066550008487,0,False,396716,True
file-mod,file-mod-3.sh,observe,1,cold,0.9831226770002104,0,False,405648,True
file-mod,file-mod-3.sh,observe,1,warm,0.2199045479992492,0,False,405648,True
file-mod,file-mod-3.sh,bash,1,cold,0.27668624199941405,0,False,0,True
file-mod,file-mod-3.sh,bash,1,warm,0.25551506800002244,0,False,0,True
file-mod,file-mod-3.sh,try,2,cold,3.418832283001393,0,False,396716,True
file-mod,file-mod-3.sh,try,2,warm,2.8303506880001805,0,False,396716,True
file-mod,file-mod-3.sh,observe,2,cold,0.9613414129999001,0,False,405648,True
file-mod,file-mod-3.sh,observe,2,warm,0.22587910599941097,0,False,405648,True
file-mod,file-mod-3.sh,bash,2,cold,0.23649433600076009,0,False,0,True
file-mod,file-mod-3.sh,bash,2,warm,0.22943154300082824,0,False,0,True
file-mod,file-mod-3.sh,main,2,cold,4.041226444000131,0,False,379349,True
file-mod,file-mod-3.sh,main,2,warm,0.40888920399993367,0,False,379349,False
file-mod,file-mod-4.sh,bash,0,cold,0.2984937800010812,0,False,0,True
file-mod,file-mod-4.sh,bash,0,warm,0.2786345659988001,0,False,0,True
file-mod,file-mod-4.sh,main,0,cold,3.3996370609984297,0,False,523360,True
file-mod,file-mod-4.sh,main,0,warm,0.4427777260007133,0,False,523360,False
file-mod,file-mod-4.sh,try,0,cold,3.693081577999692,0,False,541137,True
file-mod,file-mod-4.sh,try,0,warm,3.0438174240007356,0,False,685558,True
file-mod,file-mod-4.sh,observe,0,cold,0.8680952480008273,0,False,549973,True
file-mod,file-mod-4.sh,observe,0,warm,0.29220449899912637,0,False,694298,True
file-mod,file-mod-4.sh,main,1,cold,3.620556635001776,0,False,523360,True
file-mod,file-mod-4.sh,main,1,warm,0.39925322300041444,0,False,523367,False
file-mod,file-mod-4.sh,try,1,cold,3.6028252839987545,0,False,541137,True
file-mod,file-mod-4.sh,try,1,warm,3.2002622340005473,0,False,685558,True
file-mod,file-mod-4.sh,observe,1,cold,0.9258657119989948,0,False,549973,True
file-mod,file-mod-4.sh,observe,1,warm,0.289965129999473,0,False,694298,True
file-mod,file-mod-4.sh,bash,1,cold,0.27287845600039873,0,False,0,True
file-mod,file-mod-4.sh,bash,1,warm,0.33524960999966424,0,False,0,True
file-mod,file-mod-4.sh,try,2,cold,3.3207543570006237,0,False,541137,True
file-mod,file-mod-4.sh,try,2,warm,2.858519814999454,0,False,685558,True
file-mod,file-mod-4.sh,observe,2,cold,0.9994393350007158,0,False,549973,True
file-mod,file-mod-4.sh,observe,2,warm,0.272892466000485,0,False,694298,True
file-mod,file-mod-4.sh,bash,2,cold,0.2969434309998178,0,False,0,True
file-mod,file-mod-4.sh,bash,2,warm,0.29266833500150824,0,False,0,True
file-mod,file-mod-4.sh,main,2,cold,3.4685428730008425,0,False,523360,True
file-mod,file-mod-4.sh,main,2,warm,0.37137549900035083,0,False,523360,False
file-mod,file-mod-5.sh,bash,0,cold,0.3288807170010841,0,False,0,True
file-mod,file-mod-5.sh,bash,0,warm,0.27467333799904736,0,False,0,True
file-mod,file-mod-5.sh,main,0,cold,3.5537541060002695,0,False,523360,True
file-mod,file-mod-5.sh,main,0,warm,0.4248809529999562,0,False,523360,False
file-mod,file-mod-5.sh,try,0,cold,3.5599085129997547,0,False,541137,True
file-mod,file-mod-5.sh,try,0,warm,2.836950204000459,0,False,685558,True
file-mod,file-mod-5.sh,observe,0,cold,0.7413564290000068,0,False,549973,True
file-mod,file-mod-5.sh,observe,0,warm,0.2661770680006157,0,False,694298,True
file-mod,file-mod-5.sh,main,1,cold,3.719357730000411,0,False,523360,True
file-mod,file-mod-5.sh,main,1,warm,0.37629730099979497,0,False,523360,False
file-mod,file-mod-5.sh,try,1,cold,3.6385859780002647,0,False,541137,True
file-mod,file-mod-5.sh,try,1,warm,3.0374714770005085,0,False,685558,True
file-mod,file-mod-5.sh,observe,1,cold,0.8941252570002689,0,False,549973,True
file-mod,file-mod-5.sh,observe,1,warm,0.20061120300124458,0,False,549973,True
file-mod,file-mod-5.sh,bash,1,cold,0.3757394540007226,0,False,0,True
file-mod,file-mod-5.sh,bash,1,warm,0.3475396470003034,0,False,0,True
file-mod,file-mod-5.sh,try,2,cold,3.5403234269997483,0,False,541137,True
file-mod,file-mod-5.sh,try,2,warm,3.0258620029999292,0,False,685558,True
file-mod,file-mod-5.sh,observe,2,cold,0.975065883998468,0,False,549973,True
file-mod,file-mod-5.sh,observe,2,warm,0.2350628920012241,0,False,694298,True
file-mod,file-mod-5.sh,bash,2,cold,0.2817272009997396,0,False,0,True
file-mod,file-mod-5.sh,bash,2,warm,0.28911298500133853,0,False,0,True
file-mod,file-mod-5.sh,main,2,cold,4.040677474000404,0,False,523360,True
file-mod,file-mod-5.sh,main,2,warm,0.44854854000004707,0,False,523360,False
file-mod,file-mod-6.sh,bash,0,cold,0.3231466890010779,0,False,0,True
file-mod,file-mod-6.sh,bash,0,warm,0.30538656300086586,0,False,0,True
file-mod,file-mod-6.sh,main,0,cold,4.877623272999699,0,False,258785,True
file-mod,file-mod-6.sh,main,0,warm,0.4861434800004645,0,False,269676,False
file-mod,file-mod-6.sh,try,0,cold,4.880239078000159,0,False,279562,True
file-mod,file-mod-6.sh,try,0,warm,4.372005670000362,0,False,290863,True
file-mod,file-mod-6.sh,observe,0,cold,0.9113209799998003,0,False,286337,True
file-mod,file-mod-6.sh,observe,0,warm,0.2812082679993182,0,False,297542,True
file-mod,file-mod-6.sh,main,1,cold,5.041364659000465,0,False,258785,True
file-mod,file-mod-6.sh,main,1,warm,0.5002438050014462,0,False,269676,False
file-mod,file-mod-6.sh,try,1,cold,4.947834821001379,0,False,279562,True
file-mod,file-mod-6.sh,try,1,warm,4.479394039000908,0,False,290863,True
file-mod,file-mod-6.sh,observe,1,cold,0.9098306989999401,0,False,286337,True
file-mod,file-mod-6.sh,observe,1,warm,0.30065240200019616,0,False,297542,True
file-mod,file-mod-6.sh,bash,1,cold,0.3613345119993028,0,False,0,True
file-mod,file-mod-6.sh,bash,1,warm,0.2904385050005658,0,False,0,True
file-mod,file-mod-6.sh,try,2,cold,5.166807556001004,0,False,279562,True
file-mod,file-mod-6.sh,try,2,warm,4.352209135999146,0,False,290863,True
file-mod,file-mod-6.sh,observe,2,cold,1.045172422000178,0,False,286337,True
file-mod,file-mod-6.sh,observe,2,warm,0.32538438300070993,0,False,297542,True
file-mod,file-mod-6.sh,bash,2,cold,0.29243328199845564,0,False,0,True
file-mod,file-mod-6.sh,bash,2,warm,0.34468864500013296,0,False,0,True
file-mod,file-mod-6.sh,main,2,cold,5.210380037000505,0,False,258785,True
file-mod,file-mod-6.sh,main,2,warm,0.4656535239992081,0,False,269676,False
file-mod,file-mod-7.sh,bash,0,cold,0.28555491600127425,0,False,0,True
file-mod,file-mod-7.sh,bash,0,warm,0.2786667929995019,0,False,0,True
file-mod,file-mod-7.sh,main,0,cold,3.7190864570002304,0,False,381382,True
file-mod,file-mod-7.sh,main,0,warm,0.4603662579993397,0,False,381382,False
file-mod,file-mod-7.sh,try,0,cold,3.783198174000063,0,False,399481,True
file-mod,file-mod-7.sh,try,0,warm,3.21040293400074,0,False,402246,True
file-mod,file-mod-7.sh,observe,0,cold,0.8952348290004011,0,False,408291,True
file-mod,file-mod-7.sh,observe,0,warm,0.2689321399993787,0,False,410933,True
file-mod,file-mod-7.sh,main,1,cold,3.751162368000223,0,False,381384,True
file-mod,file-mod-7.sh,main,1,warm,0.42906227000094077,0,False,381384,False
file-mod,file-mod-7.sh,try,1,cold,3.9082062170000427,0,False,399483,True
file-mod,file-mod-7.sh,try,1,warm,3.0628430060005485,0,False,402248,True
file-mod,file-mod-7.sh,observe,1,cold,0.9232460570001422,0,False,408290,True
file-mod,file-mod-7.sh,observe,1,warm,0.28668238499994914,0,False,410932,True
file-mod,file-mod-7.sh,bash,1,cold,0.3184761369993794,0,False,0,True
file-mod,file-mod-7.sh,bash,1,warm,0.3245416549998481,0,False,0,True
file-mod,file-mod-7.sh,try,2,cold,3.7306855770002585,0,False,399481,True
file-mod,file-mod-7.sh,try,2,warm,3.155759236000449,0,False,402245,True
file-mod,file-mod-7.sh,observe,2,cold,0.8922715339995193,0,False,408291,True
file-mod,file-mod-7.sh,observe,2,warm,0.24648646199966606,0,False,410941,True
file-mod,file-mod-7.sh,bash,2,cold,0.28361069899983704,0,False,0,True
file-mod,file-mod-7.sh,bash,2,warm,0.30589244199836685,0,False,0,True
file-mod,file-mod-7.sh,main,2,cold,4.315509234000274,0,False,381383,True
file-mod,file-mod-7.sh,main,2,warm,0.44621006599845714,0,False,381383,False
nginx-analysis,nginx-1.sh,bash,0,cold,0.009736817000884912,0,False,0,True
nginx-analysis,nginx-1.sh,bash,0,warm,0.012248627001099521,0,False,0,True
nginx-analysis,nginx-1.sh,main,0,cold,1.7671041839985264,0,False,172735,True
nginx-analysis,nginx-1.sh,main,0,warm,0.3827552470011142,0,False,172735,True
nginx-analysis,nginx-1.sh,try,0,cold,1.3830876850006462,0,False,174764,True
nginx-analysis,nginx-1.sh,try,0,warm,1.3007329190004384,0,False,344541,True
nginx-analysis,nginx-1.sh,observe,0,cold,0.1872439390008367,0,False,173200,True
nginx-analysis,nginx-1.sh,observe,0,warm,0.22749521199875744,0,False,341573,True
nginx-analysis,nginx-1.sh,main,1,cold,1.7270993189995352,0,False,172735,True
nginx-analysis,nginx-1.sh,main,1,warm,0.35588872299922514,0,False,172735,True
nginx-analysis,nginx-1.sh,try,1,cold,1.4063776329985558,0,False,174764,True
nginx-analysis,nginx-1.sh,try,1,warm,1.3885006290001911,0,False,344541,True
nginx-analysis,nginx-1.sh,observe,1,cold,0.16025148199878458,0,False,173200,True
nginx-analysis,nginx-1.sh,observe,1,warm,0.1467899050003325,0,False,341573,True
nginx-analysis,nginx-1.sh,bash,1,cold,0.011965528001383063,0,False,0,True
nginx-analysis,nginx-1.sh,bash,1,warm,0.012202772999444278,0,False,0,True
nginx-analysis,nginx-1.sh,try,2,cold,1.365449498000089,0,False,174764,True
nginx-analysis,nginx-1.sh,try,2,warm,1.4550821510001697,0,False,344541,True
nginx-analysis,nginx-1.sh,observe,2,cold,0.1528205930007971,0,False,173200,True
nginx-analysis,nginx-1.sh,observe,2,warm,0.21289856899966253,0,False,341573,True
nginx-analysis,nginx-1.sh,bash,2,cold,0.014585225999326212,0,False,0,True
nginx-analysis,nginx-1.sh,bash,2,warm,0.012084128000424244,0,False,0,True
nginx-analysis,nginx-1.sh,main,2,cold,1.759326327000963,0,False,172735,True
nginx-analysis,nginx-1.sh,main,2,warm,0.35027971000090474,0,False,172735,False
nginx-analysis,nginx-10.sh,bash,0,cold,0.01814076599839609,0,False,0,True
nginx-analysis,nginx-10.sh,bash,0,warm,0.022459060999608482,0,False,0,True
nginx-analysis,nginx-10.sh,main,0,cold,0.18806701799985603,0,False,16965,True
nginx-analysis,nginx-10.sh,main,0,warm,0.18165948100067908,0,False,16965,True
nginx-analysis,nginx-10.sh,try,0,cold,2.6236654189997353,0,False,23598,True
nginx-analysis,nginx-10.sh,try,0,warm,0.3842122959995322,0,False,23598,True
nginx-analysis,nginx-10.sh,observe,0,cold,0.1990264729993214,0,False,20708,True
nginx-analysis,nginx-10.sh,observe,0,warm,0.22405368899853784,0,False,20708,True
nginx-analysis,nginx-10.sh,main,1,cold,0.17289025799982483,0,False,16965,True
nginx-analysis,nginx-10.sh,main,1,warm,0.19603330500103766,0,False,16965,False
nginx-analysis,nginx-10.sh,try,1,cold,2.656589713998983,0,False,23598,True
nginx-analysis,nginx-10.sh,try,1,warm,0.3457581150014448,0,False,23598,True
nginx-analysis,nginx-10.sh,observe,1,cold,0.2877476989997376,0,False,20708,True
nginx-analysis,nginx-10.sh,observe,1,warm,0.16304295699956128,0,False,20708,True
nginx-analysis,nginx-10.sh,bash,1,cold,0.021210131999396253,0,False,0,True
nginx-analysis,nginx-10.sh,bash,1,warm,0.01817423600004986,0,False,0,True
nginx-analysis,nginx-10.sh,try,2,cold,2.6455684209995525,0,False,23598,True
nginx-analysis,nginx-10.sh,try,2,warm,0.3057356429999345,0,False,23598,True
nginx-analysis,nginx-10.sh,observe,2,cold,0.20979439799884858,0,False,20708,True
nginx-analysis,nginx-10.sh,observe,2,warm,0.2269245920015237,0,False,20708,True
nginx-analysis,nginx-10.sh,bash,2,cold,0.011808421000750968,0,False,0,True
nginx-analysis,nginx-10.sh,bash,2,warm,0.01981081899975834,0,False,0,True
nginx-analysis,nginx-10.sh,main,2,cold,0.18809802499890793,0,False,16965,True
nginx-analysis,nginx-10.sh,main,2,warm,0.22816615000010643,0,False,16965,False
nginx-analysis,nginx-11.sh,bash,0,cold,0.023192888000266976,0,False,0,True
nginx-analysis,nginx-11.sh,bash,0,warm,0.016889243999685277,0,False,0,True
nginx-analysis,nginx-11.sh,main,0,cold,0.19042313099998864,0,False,17130,True
nginx-analysis,nginx-11.sh,main,0,warm,0.15281521799988695,0,False,17130,False
nginx-analysis,nginx-11.sh,try,0,cold,2.9296368779996556,0,False,24905,True
nginx-analysis,nginx-11.sh,try,0,warm,0.34487436400013394,0,False,24905,True
nginx-analysis,nginx-11.sh,observe,0,cold,0.22187651499916683,0,False,21695,True
nginx-analysis,nginx-11.sh,observe,0,warm,0.23424709400023858,0,False,21695,True
nginx-analysis,nginx-11.sh,main,1,cold,0.18798887400043895,0,False,17130,True
nginx-analysis,nginx-11.sh,main,1,warm,0.20154879599976994,0,False,17130,True
nginx-analysis,nginx-11.sh,try,1,cold,3.0153013639992423,0,False,24905,True
nginx-analysis,nginx-11.sh,try,1,warm,0.3781225370003085,0,False,24905,True
nginx-analysis,nginx-11.sh,observe,1,cold,0.21004649200040149,0,False,21695,True
nginx-analysis,nginx-11.sh,observe,1,warm,0.2986185519985156,0,False,21695,True
nginx-analysis,nginx-11.sh,bash,1,cold,0.012212303001433611,0,False,0,True
nginx-analysis,nginx-11.sh,bash,1,warm,0.020926205999785452,0,False,0,True
nginx-analysis,nginx-11.sh,try,2,cold,3.1514215220013284,0,False,24905,True
nginx-analysis,nginx-11.sh,try,2,warm,0.48092876900045667,0,False,24905,True
nginx-analysis,nginx-11.sh,observe,2,cold,0.21188932200129784,0,False,21695,True
nginx-analysis,nginx-11.sh,observe,2,warm,0.2910474680011248,0,False,21695,True
nginx-analysis,nginx-11.sh,bash,2,cold,0.012051982999764732,0,False,0,True
nginx-analysis,nginx-11.sh,bash,2,warm,0.025361082000017632,0,False,0,True
nginx-analysis,nginx-11.sh,main,2,cold,0.23686138100129028,0,False,17130,True
nginx-analysis,nginx-11.sh,main,2,warm,0.14426825500049745,0,False,17130,True
nginx-analysis,nginx-12.sh,bash,0,cold,0.022616107999056112,0,False,0,True
nginx-analysis,nginx-12.sh,bash,0,warm,0.02076128500084451,0,False,0,True
nginx-analysis,nginx-12.sh,main,0,cold,0.20503997300147603,0,False,18309,True
nginx-analysis,nginx-12.sh,main,0,warm,0.2730353440001636,0,False,18309,True
nginx-analysis,nginx-12.sh,try,0,cold,3.4993583949999447,0,False,27281,True
nginx-analysis,nginx-12.sh,try,0,warm,0.33699501499904727,0,False,27281,True
nginx-analysis,nginx-12.sh,observe,0,cold,0.2207446180000261,0,False,23305,True
nginx-analysis,nginx-12.sh,observe,0,warm,0.17174765299932915,0,False,23305,True
nginx-analysis,nginx-12.sh,main,1,cold,0.20003162799912388,0,False,18309,True
nginx-analysis,nginx-12.sh,main,1,warm,0.2757723199993052,0,False,18309,True
nginx-analysis,nginx-12.sh,try,1,cold,3.641054431000157,0,False,27281,True
nginx-analysis,nginx-12.sh,try,1,warm,0.409604610000315,0,False,27281,True
nginx-analysis,nginx-12.sh,observe,1,cold,0.2547423490013898,0,False,23305,True
nginx-analysis,nginx-12.sh,observe,1,warm,0.17839838399959262,0,False,23305,True
nginx-analysis,nginx-12.sh,bash,1,cold,0.014609033001761418,0,False,0,True
nginx-analysis,nginx-12.sh,bash,1,warm,0.02316891500049678,0,False,0,True
nginx-analysis,nginx-12.sh,try,2,cold,3.3359589470001083,0,False,27281,True
nginx-analysis,nginx-12.sh,try,2,warm,0.3847606610015646,0,False,27281,True
nginx-analysis,nginx-12.sh,observe,2,cold,0.22168947600039246,0,False,23305,True
nginx-analysis,nginx-12.sh,observe,2,warm,0.29124558700095804,0,False,23305,True
nginx-analysis,nginx-12.sh,bash,2,cold,0.014398037999853841,0,False,0,True
nginx-analysis,nginx-12.sh,bash,2,warm,0.03035020000061195,0,False,0,True
nginx-analysis,nginx-12.sh,main,2,cold,0.194809033000638,0,False,18309,True
nginx-analysis,nginx-12.sh,main,2,warm,0.16054649100078677,0,False,18309,True
nginx-analysis,nginx-13.sh,bash,0,cold,0.03387657100029173,0,False,0,True
nginx-analysis,nginx-13.sh,bash,0,warm,0.026134596000702004,0,False,0,True
nginx-analysis,nginx-13.sh,main,0,cold,0.2021698970002035,0,False,19360,True
nginx-analysis,nginx-13.sh,main,0,warm,0.16434290600045642,0,False,19360,True
nginx-analysis,nginx-13.sh,try,0,cold,3.7536822740003117,0,False,28711,True
nginx-analysis,nginx-13.sh,try,0,warm,0.42479815099977714,0,False,28711,True
nginx-analysis,nginx-13.sh,observe,0,cold,0.2793375009987358,0,False,24759,True
nginx-analysis,nginx-13.sh,observe,0,warm,0.23554799700104923,0,False,24759,True
nginx-analysis,nginx-13.sh,main,1,cold,0.19103698500111932,0,False,19360,True
nginx-analysis,nginx-13.sh,main,1,warm,0.22348019300079613,0,False,19360,True
nginx-analysis,nginx-13.sh,try,1,cold,4.21222102899992,0,False,28711,True
nginx-analysis,nginx-13.sh,try,1,warm,0.4446493860014016,0,False,28711,True
nginx-analysis,nginx-13.sh,observe,1,cold,0.23915695499999856,0,False,24759,True
nginx-analysis,nginx-13.sh,observe,1,warm,0.2511057850006182,0,False,24759,True
nginx-analysis,nginx-13.sh,bash,1,cold,0.027834596001412137,0,False,0,True
nginx-analysis,nginx-13.sh,bash,1,warm,0.028698685000563273,0,False,0,True
nginx-analysis,nginx-13.sh,try,2,cold,3.7146192120017076,0,False,28711,True
nginx-analysis,nginx-13.sh,try,2,warm,0.43455777000053786,0,False,28711,True
nginx-analysis,nginx-13.sh,observe,2,cold,0.2621275700003025,0,False,24759,True
nginx-analysis,nginx-13.sh,observe,2,warm,0.2432799079997494,0,False,24759,True
nginx-analysis,nginx-13.sh,bash,2,cold,0.03449198500129569,0,False,0,True
nginx-analysis,nginx-13.sh,bash,2,warm,0.029590340000140714,0,False,0,True
nginx-analysis,nginx-13.sh,main,2,cold,0.2175740280017635,0,False,19360,True
nginx-analysis,nginx-13.sh,main,2,warm,0.1689162500006205,0,False,19360,True
nginx-analysis,nginx-14.sh,bash,0,cold,0.015609321999363601,0,False,0,True
nginx-analysis,nginx-14.sh,bash,0,warm,0.03353829899970151,0,False,0,True
nginx-analysis,nginx-14.sh,main,0,cold,0.20995072400000936,0,False,19402,True
nginx-analysis,nginx-14.sh,main,0,warm,0.21609594900110096,0,False,19402,True
nginx-analysis,nginx-14.sh,try,0,cold,3.986009517999264,0,False,29336,True
nginx-analysis,nginx-14.sh,try,0,warm,0.48459854499924404,0,False,29336,True
nginx-analysis,nginx-14.sh,observe,0,cold,0.299495425000714,0,False,25224,True
nginx-analysis,nginx-14.sh,observe,0,warm,0.20978450099937618,0,False,25224,True
nginx-analysis,nginx-14.sh,main,1,cold,0.2933418550001079,0,False,19402,True
nginx-analysis,nginx-14.sh,main,1,warm,0.2339358870012802,0,False,19402,False
nginx-analysis,nginx-14.sh,try,1,cold,3.7354014920001646,0,False,29336,True
nginx-analysis,nginx-14.sh,try,1,warm,0.5803850060001423,0,False,29336,True
nginx-analysis,nginx-14.sh,observe,1,cold,0.24350107300051604,0,False,25224,True
nginx-analysis,nginx-14.sh,observe,1,warm,0.24165721400095208,0,False,25224,True
nginx-analysis,nginx-14.sh,bash,1,cold,0.03477821000160475,0,False,0,True
nginx-analysis,nginx-14.sh,bash,1,warm,0.02148904599926027,0,False,0,True
nginx-analysis,nginx-14.sh,try,2,cold,3.7787789100002556,0,False,29336,True
nginx-analysis,nginx-14.sh,try,2,warm,0.5071898820006027,0,False,29336,True
nginx-analysis,nginx-14.sh,observe,2,cold,0.25626064199968823,0,False,25224,True
nginx-analysis,nginx-14.sh,observe,2,warm,0.300428610000381,0,False,25224,True
nginx-analysis,nginx-14.sh,bash,2,cold,0.015065491999848746,0,False,0,True
nginx-analysis,nginx-14.sh,bash,2,warm,0.033540223999807495,0,False,0,True
nginx-analysis,nginx-14.sh,main,2,cold,0.19473963900054514,0,False,19402,True
nginx-analysis,nginx-14.sh,main,2,warm,0.20197144499979913,0,False,19402,False
nginx-analysis,nginx-15.sh,bash,0,cold,0.022354136001013103,0,False,0,True
nginx-analysis,nginx-15.sh,bash,0,warm,0.03834814800029562,0,False,0,True
nginx-analysis,nginx-15.sh,main,0,cold,0.2737203190008586,0,False,20474,True
nginx-analysis,nginx-15.sh,main,0,warm,0.23322749699946144,0,False,20474,True
nginx-analysis,nginx-15.sh,try,0,cold,4.47581285600063,0,False,31346,True
nginx-analysis,nginx-15.sh,try,0,warm,0.49813855800130113,0,False,31346,True
nginx-analysis,nginx-15.sh,observe,0,cold,0.2677982810000685,0,False,27098,True
nginx-analysis,nginx-15.sh,observe,0,warm,0.32426135600144335,0,False,27098,True
nginx-analysis,nginx-15.sh,main,1,cold,0.26094835399999283,0,False,20474,True
nginx-analysis,nginx-15.sh,main,1,warm,0.2792303019996325,0,False,20474,True
nginx-analysis,nginx-15.sh,try,1,cold,4.554562975999943,0,False,31346,True
nginx-analysis,nginx-15.sh,try,1,warm,0.5415607979994093,0,False,31346,True
nginx-analysis,nginx-15.sh,observe,1,cold,0.2934105530002853,0,False,27098,True
nginx-analysis,nginx-15.sh,observe,1,warm,0.18673829900035344,0,False,27098,True
nginx-analysis,nginx-15.sh,bash,1,cold,0.04165331500007596,0,False,0,True
nginx-analysis,nginx-15.sh,bash,1,warm,0.039588647001437494,0,False,0,True
nginx-analysis,nginx-15.sh,try,2,cold,4.353014952001104,0,False,31346,True
nginx-analysis,nginx-15.sh,try,2,warm,0.5761243770011788,0,False,31346,True
nginx-analysis,nginx-15.sh,observe,2,cold,0.33308977099841286,0,False,27098,True
nginx-analysis,nginx-15.sh,observe,2,warm,0.18756836600005045,0,False,27098,True
nginx-analysis,nginx-15.sh,bash,2,cold,0.017647930999373784,0,False,0,True
nginx-analysis,nginx-15.sh,bash,2,warm,0.02270154699908744,0,False,0,True
nginx-analysis,nginx-15.sh,main,2,cold,0.27137576199856994,0,False,20474,True
nginx-analysis,nginx-15.sh,main,2,warm,0.24408730899995135,0,False,20474,True
nginx-analysis,nginx-16.sh,bash,0,cold,0.03749060699919937,0,False,0,True
nginx-analysis,nginx-16.sh,bash,0,warm,0.03958216399951198,0,False,0,True
nginx-analysis,nginx-16.sh,main,0,cold,0.30469998300031875,0,False,21525,True
nginx-analysis,nginx-16.sh,main,0,warm,0.17936418499994033,0,False,21525,False
nginx-analysis,nginx-16.sh,try,0,cold,4.697713291001492,0,False,32776,True
nginx-analysis,nginx-16.sh,try,0,warm,0.6079055449990847,0,False,32776,True
nginx-analysis,nginx-16.sh,observe,0,cold,0.2543115640000906,0,False,28552,True
nginx-analysis,nginx-16.sh,observe,0,warm,0.19274096099979943,0,False,28552,True
nginx-analysis,nginx-16.sh,main,1,cold,0.21958132699910493,0,False,21525,True
nginx-analysis,nginx-16.sh,main,1,warm,0.19126893999964523,0,False,21525,False
nginx-analysis,nginx-16.sh,try,1,cold,4.775510995999866,0,False,32776,True
nginx-analysis,nginx-16.sh,try,1,warm,0.5229619149995415,0,False,32776,True
nginx-analysis,nginx-16.sh,observe,1,cold,0.31982555700051307,0,False,28552,True
nginx-analysis,nginx-16.sh,observe,1,warm,0.297461554999245,0,False,28552,True
nginx-analysis,nginx-16.sh,bash,1,cold,0.036165677000099095,0,False,0,True
nginx-analysis,nginx-16.sh,bash,1,warm,0.039244040999619756,0,False,0,True
nginx-analysis,nginx-16.sh,try,2,cold,4.662777890000143,0,False,32776,True
nginx-analysis,nginx-16.sh,try,2,warm,0.6050740949995088,0,False,32776,True
nginx-analysis,nginx-16.sh,observe,2,cold,0.3013453940002364,0,False,28552,True
nginx-analysis,nginx-16.sh,observe,2,warm,0.1967217579986027,0,False,28552,True
nginx-analysis,nginx-16.sh,bash,2,cold,0.04239348900046025,0,False,0,True
nginx-analysis,nginx-16.sh,bash,2,warm,0.04051476399945386,0,False,0,True
nginx-analysis,nginx-16.sh,main,2,cold,0.2316191739992064,0,False,21525,True
nginx-analysis,nginx-16.sh,main,2,warm,0.16416788000060478,0,False,21525,False
nginx-analysis,nginx-17.sh,bash,0,cold,0.022529200999997556,0,False,0,True
nginx-analysis,nginx-17.sh,bash,0,warm,0.028524018000098295,0,False,0,True
nginx-analysis,nginx-17.sh,main,0,cold,0.21539646800010814,0,False,40204,True
nginx-analysis,nginx-17.sh,main,0,warm,0.3148747719988023,0,False,40204,False
nginx-analysis,nginx-17.sh,try,0,cold,5.323528034999981,0,False,52974,True
nginx-analysis,nginx-17.sh,try,0,warm,0.6549496570005431,0,False,52974,True
nginx-analysis,nginx-17.sh,observe,0,cold,0.28846164899914584,0,False,47824,True
nginx-analysis,nginx-17.sh,observe,0,warm,0.19403496099948825,0,False,47824,True
nginx-analysis,nginx-17.sh,main,1,cold,0.34975880199999665,0,False,40204,True
nginx-analysis,nginx-17.sh,main,1,warm,0.1906362950012408,0,False,40204,False
nginx-analysis,nginx-17.sh,try,1,cold,5.6757948889990075,0,False,52974,True
nginx-analysis,nginx-17.sh,try,1,warm,0.5610288040006708,0,False,52974,True
nginx-analysis,nginx-17.sh,observe,1,cold,0.3285399619999225,0,False,47824,True
nginx-analysis,nginx-17.sh,observe,1,warm,0.21631716199954099,0,False,47824,True
nginx-analysis,nginx-17.sh,bash,1,cold,0.04137703499873169,0,False,0,True
nginx-analysis,nginx-17.sh,bash,1,warm,0.03796820299976389,0,False,0,True
nginx-analysis,nginx-17.sh,try,2,cold,5.220643095999549,0,False,52974,True
nginx-analysis,nginx-17.sh,try,2,warm,0.5942127669986803,0,False,52974,True
nginx-analysis,nginx-17.sh,observe,2,cold,0.27935627499937254,0,False,47824,True
nginx-analysis,nginx-17.sh,observe,2,warm,0.2023829179997847,0,False,47824,True
nginx-analysis,nginx-17.sh,bash,2,cold,0.027097125001091626,0,False,0,True
nginx-analysis,nginx-17.sh,bash,2,warm,0.03755283700047585,0,False,0,True
nginx-analysis,nginx-17.sh,main,2,cold,0.22166589799962821,0,False,40204,True
nginx-analysis,nginx-17.sh,main,2,warm,0.17491923499983386,0,False,40204,False
nginx-analysis,nginx-18.sh,bash,0,cold,0.026840824999453616,0,False,0,True
nginx-analysis,nginx-18.sh,bash,0,warm,0.04291220499908377,0,False,0,True
nginx-analysis,nginx-18.sh,main,0,cold,0.25614372700147214,0,False,65515,True
nginx-analysis,nginx-18.sh,main,0,warm,0.3038472480002383,0,False,65515,False
nginx-analysis,nginx-18.sh,try,0,cold,5.507988216999365,0,False,79247,True
nginx-analysis,nginx-18.sh,try,0,warm,0.7489491599990288,0,False,79247,True
nginx-analysis,nginx-18.sh,observe,0,cold,0.3082096090001869,0,False,73961,True
nginx-analysis,nginx-18.sh,observe,0,warm,0.19707213299989235,0,False,73961,True
nginx-analysis,nginx-18.sh,main,1,cold,0.29522525599895744,0,False,65515,True
nginx-analysis,nginx-18.sh,main,1,warm,0.1936785690013494,0,False,65515,False
nginx-analysis,nginx-18.sh,try,1,cold,5.551804587999868,0,False,79247,True
nginx-analysis,nginx-18.sh,try,1,warm,0.7323430460000964,0,False,79247,True
nginx-analysis,nginx-18.sh,observe,1,cold,0.40636577700024645,0,False,73961,True
nginx-analysis,nginx-18.sh,observe,1,warm,0.27262137999969127,0,False,73961,True
nginx-analysis,nginx-18.sh,bash,1,cold,0.03292453500034753,0,False,0,True
nginx-analysis,nginx-18.sh,bash,1,warm,0.03863443400041433,0,False,0,True
nginx-analysis,nginx-18.sh,try,2,cold,5.417124237999815,0,False,79247,True
nginx-analysis,nginx-18.sh,try,2,warm,0.6809540769991145,0,False,79247,True
nginx-analysis,nginx-18.sh,observe,2,cold,0.39625691500077664,0,False,73961,True
nginx-analysis,nginx-18.sh,observe,2,warm,0.19390415400084748,0,False,73961,True
nginx-analysis,nginx-18.sh,bash,2,cold,0.021194053000726853,0,False,0,True
nginx-analysis,nginx-18.sh,bash,2,warm,0.027695959000993753,0,False,0,True
nginx-analysis,nginx-18.sh,main,2,cold,0.2459413249998761,0,False,65515,False
nginx-analysis,nginx-18.sh,main,2,warm,0.30785244800063083,0,False,65515,False
nginx-analysis,nginx-19.sh,bash,0,cold,0.04888840000057826,0,False,0,True
nginx-analysis,nginx-19.sh,bash,0,warm,0.050669986001594225,0,False,0,True
nginx-analysis,nginx-19.sh,main,0,cold,0.22775939900020603,0,False,69960,True
nginx-analysis,nginx-19.sh,main,0,warm,0.24255081099909148,0,False,69960,False
nginx-analysis,nginx-19.sh,try,0,cold,5.679939908999586,0,False,84251,True
nginx-analysis,nginx-19.sh,try,0,warm,0.6650061580003239,0,False,84251,True
nginx-analysis,nginx-19.sh,observe,0,cold,0.28315361900058633,0,False,78805,True
nginx-analysis,nginx-19.sh,observe,0,warm,0.2836328470002627,0,False,78805,True
nginx-analysis,nginx-19.sh,main,1,cold,0.26339421599914203,0,False,69960,True
nginx-analysis,nginx-19.sh,main,1,warm,0.31958084300094924,0,False,69960,False
nginx-analysis,nginx-19.sh,try,1,cold,6.01423625499956,0,False,84251,True
nginx-analysis,nginx-19.sh,try,1,warm,0.7787640149999788,0,False,84251,True
nginx-analysis,nginx-19.sh,observe,1,cold,0.4016957210005785,0,False,78805,True
nginx-analysis,nginx-19.sh,observe,1,warm,0.20162877299844695,0,False,78805,True
nginx-analysis,nginx-19.sh,bash,1,cold,0.02151796900034242,0,False,0,True
nginx-analysis,nginx-19.sh,bash,1,warm,0.047666012000263436,0,False,0,True
nginx-analysis,nginx-19.sh,try,2,cold,5.780910524999854,0,False,84251,True
nginx-analysis,nginx-19.sh,try,2,warm,0.6519535280003765,0,False,84251,True
nginx-analysis,nginx-19.sh,observe,2,cold,0.34088288099883357,0,False,78805,True
nginx-analysis,nginx-19.sh,observe,2,warm,0.3146837320000486,0,False,78805,True
nginx-analysis,nginx-19.sh,bash,2,cold,0.042056432999743265,0,False,0,True
nginx-analysis,nginx-19.sh,bash,2,warm,0.04653470599987486,0,False,0,True
nginx-analysis,nginx-19.sh,main,2,cold,0.22053644999868993,0,False,69960,True
nginx-analysis,nginx-19.sh,main,2,warm,0.24232325599950855,0,False,69960,False
nginx-analysis,nginx-2.sh,bash,0,cold,0.01388010900154768,0,False,0,True
nginx-analysis,nginx-2.sh,bash,0,warm,0.013668551999217016,0,False,0,True
nginx-analysis,nginx-2.sh,main,0,cold,2.2611127059990395,0,False,174383,True
nginx-analysis,nginx-2.sh,main,0,warm,0.32536611700015783,0,False,174383,True
nginx-analysis,nginx-2.sh,try,0,cold,1.5634909589989547,0,False,176970,True
nginx-analysis,nginx-2.sh,try,0,warm,1.5093669170000794,0,False,346747,True
nginx-analysis,nginx-2.sh,observe,0,cold,0.15427943899885577,0,False,175246,True
nginx-analysis,nginx-2.sh,observe,0,warm,0.166900046999217,0,False,343619,True
nginx-analysis,nginx-2.sh,main,1,cold,1.7273922469994432,0,False,174383,True
nginx-analysis,nginx-2.sh,main,1,warm,0.39146104700012074,0,False,174383,False
nginx-analysis,nginx-2.sh,try,1,cold,1.5015982000004442,0,False,176970,True
nginx-analysis,nginx-2.sh,try,1,warm,1.485251195001183,0,False,346747,True
nginx-analysis,nginx-2.sh,observe,1,cold,0.1629364929995063,0,False,175246,True
nginx-analysis,nginx-2.sh,observe,1,warm,0.1802899559988873,0,False,343619,True
nginx-analysis,nginx-2.sh,bash,1,cold,0.008570394000344095,0,False,0,True
nginx-analysis,nginx-2.sh,bash,1,warm,0.014559134999217349,0,False,0,True
nginx-analysis,nginx-2.sh,try,2,cold,1.48095991000082,0,False,176970,True
nginx-analysis,nginx-2.sh,try,2,warm,1.4774037939987466,0,False,346747,True
nginx-analysis,nginx-2.sh,observe,2,cold,0.18400935499994375,0,False,175246,True
nginx-analysis,nginx-2.sh,observe,2,warm,0.28842066200013505,0,False,343619,True
nginx-analysis,nginx-2.sh,bash,2,cold,0.007612628000060795,0,False,0,True
nginx-analysis,nginx-2.sh,bash,2,warm,0.010060298000098555,0,False,0,True
nginx-analysis,nginx-2.sh,main,2,cold,1.5965508170011162,0,False,174383,True
nginx-analysis,nginx-2.sh,main,2,warm,0.39881622699977015,0,False,174383,True
nginx-analysis,nginx-20.sh,bash,0,cold,0.05556500300008338,0,False,0,True
nginx-analysis,nginx-20.sh,bash,0,warm,0.03566076300012355,0,False,0,True
nginx-analysis,nginx-20.sh,main,0,cold,0.24568791899946518,0,False,75072,True
nginx-analysis,nginx-20.sh,main,0,warm,0.2006990500012762,0,False,75072,False
nginx-analysis,nginx-20.sh,try,0,cold,7.200902956999926,0,False,92081,True
nginx-analysis,nginx-20.sh,try,0,warm,0.7679456309997477,0,False,92081,True
nginx-analysis,nginx-20.sh,observe,0,cold,0.3343502839998109,0,False,85573,True
nginx-analysis,nginx-20.sh,observe,0,warm,0.2788935050011787,0,False,85573,True
nginx-analysis,nginx-20.sh,main,1,cold,0.35401919200012344,0,False,75072,True
nginx-analysis,nginx-20.sh,main,1,warm,0.20360480700037442,0,False,75072,False
nginx-analysis,nginx-20.sh,try,1,cold,6.6707044710001355,0,False,92081,True
nginx-analysis,nginx-20.sh,try,1,warm,0.8463679409996985,0,False,92081,True
nginx-analysis,nginx-20.sh,observe,1,cold,0.3689416439992783,0,False,85573,True
nginx-analysis,nginx-20.sh,observe,1,warm,0.31671889900098904,0,False,85573,True
nginx-analysis,nginx-20.sh,bash,1,cold,0.050751192999086925,0,False,0,True
nginx-analysis,nginx-20.sh,bash,1,warm,0.04609438599982241,0,False,0,True
nginx-analysis,nginx-20.sh,try,2,cold,6.642476295999586,0,False,92081,True
nginx-analysis,nginx-20.sh,try,2,warm,0.7818765909996728,0,False,92081,True
nginx-analysis,nginx-20.sh,observe,2,cold,0.36175747500055877,0,False,85573,True
nginx-analysis,nginx-20.sh,observe,2,warm,0.21414222100065672,0,False,85573,True
nginx-analysis,nginx-20.sh,bash,2,cold,0.04117851800037897,0,False,0,True
nginx-analysis,nginx-20.sh,bash,2,warm,0.056628270000146586,0,False,0,True
nginx-analysis,nginx-20.sh,main,2,cold,0.29038667600070767,0,False,75072,True
nginx-analysis,nginx-20.sh,main,2,warm,0.18787702900044678,0,False,75072,False
nginx-analysis,nginx-21.sh,bash,0,cold,0.05384684100135928,0,False,0,True
nginx-analysis,nginx-21.sh,bash,0,warm,0.03466155699970841,0,False,0,True
nginx-analysis,nginx-21.sh,main,0,cold,0.2933528209996439,0,False,75072,True
nginx-analysis,nginx-21.sh,main,0,warm,0.28714737799964496,0,False,75072,True
nginx-analysis,nginx-21.sh,try,0,cold,6.943847625001581,0,False,92081,True
nginx-analysis,nginx-21.sh,try,0,warm,0.7652443980005046,0,False,92081,True
nginx-analysis,nginx-21.sh,observe,0,cold,0.3751442489992769,0,False,85573,True
nginx-analysis,nginx-21.sh,observe,0,warm,0.2122413390006841,0,False,85573,True
nginx-analysis,nginx-21.sh,main,1,cold,0.3395912870000757,0,False,75072,True
nginx-analysis,nginx-21.sh,main,1,warm,0.3282303710002452,0,False,75072,True
nginx-analysis,nginx-21.sh,try,1,cold,7.384545804001391,0,False,92081,True
nginx-analysis,nginx-21.sh,try,1,warm,0.8999757200017484,0,False,92081,True
nginx-analysis,nginx-21.sh,observe,1,cold,0.3605001079995418,0,False,85573,True
nginx-analysis,nginx-21.sh,observe,1,warm,0.3222375879995525,0,False,85573,True
nginx-analysis,nginx-21.sh,bash,1,cold,0.051882129000659916,0,False,0,True
nginx-analysis,nginx-21.sh,bash,1,warm,0.047467230000620475,0,False,0,True
nginx-analysis,nginx-21.sh,try,2,cold,6.546623234000435,0,False,92081,True
nginx-analysis,nginx-21.sh,try,2,warm,0.8061033299982228,0,False,92081,True
nginx-analysis,nginx-21.sh,observe,2,cold,0.39655474800019874,0,False,85573,True
nginx-analysis,nginx-21.sh,observe,2,warm,0.24177345899988723,0,False,85573,True
nginx-analysis,nginx-21.sh,bash,2,cold,0.053165997998803505,0,False,0,True
nginx-analysis,nginx-21.sh,bash,2,warm,0.04787505800049985,0,False,0,True
nginx-analysis,nginx-21.sh,main,2,cold,0.2805246090010769,0,False,75072,True
nginx-analysis,nginx-21.sh,main,2,warm,0.29463348199897155,0,False,75072,False
nginx-analysis,nginx-22.sh,bash,0,cold,0.04983043600077508,0,False,0,True
nginx-analysis,nginx-22.sh,bash,0,warm,0.035210014999393024,0,False,0,True
nginx-analysis,nginx-22.sh,main,0,cold,0.3248166499997751,0,False,75072,True
nginx-analysis,nginx-22.sh,main,0,warm,0.20952981099981116,0,False,75072,False
nginx-analysis,nginx-22.sh,try,0,cold,7.076607946999502,0,False,92081,True
nginx-analysis,nginx-22.sh,try,0,warm,0.9130673100007698,0,False,92081,True
nginx-analysis,nginx-22.sh,observe,0,cold,0.38927438000064285,0,False,85573,True
nginx-analysis,nginx-22.sh,observe,0,warm,0.22155070700137003,0,False,85573,True
nginx-analysis,nginx-22.sh,main,1,cold,0.39987752600063686,0,False,75072,True
nginx-analysis,nginx-22.sh,main,1,warm,0.33700573299938696,0,False,75072,True
nginx-analysis,nginx-22.sh,try,1,cold,7.187023173000853,0,False,92081,True
nginx-analysis,nginx-22.sh,try,1,warm,0.9131681210001261,0,False,92081,True
nginx-analysis,nginx-22.sh,observe,1,cold,0.3691704960001516,0,False,85573,True
nginx-analysis,nginx-22.sh,observe,1,warm,0.3266783970011602,0,False,85573,True
nginx-analysis,nginx-22.sh,bash,1,cold,0.03807424200022069,0,False,0,True
nginx-analysis,nginx-22.sh,bash,1,warm,0.031820353000512114,0,False,0,True
nginx-analysis,nginx-22.sh,try,2,cold,7.179485794000357,0,False,92081,True
nginx-analysis,nginx-22.sh,try,2,warm,0.9464762150000752,0,False,92081,True
nginx-analysis,nginx-22.sh,observe,2,cold,0.40390711299914983,0,False,85573,True
nginx-analysis,nginx-22.sh,observe,2,warm,0.22422800099957385,0,False,85573,True
nginx-analysis,nginx-22.sh,bash,2,cold,0.053797779999513295,0,False,0,True
nginx-analysis,nginx-22.sh,bash,2,warm,0.048801303000800544,0,False,0,True
nginx-analysis,nginx-22.sh,main,2,cold,0.30721679700036475,0,False,75072,True
nginx-analysis,nginx-22.sh,main,2,warm,0.3085063309990801,0,False,75072,False
nginx-analysis,nginx-3.sh,bash,0,cold,0.014289494998593,0,False,0,True
nginx-analysis,nginx-3.sh,bash,0,warm,0.015102049999768496,0,False,0,True
nginx-analysis,nginx-3.sh,main,0,cold,1.7011745460004022,0,False,176181,True
nginx-analysis,nginx-3.sh,main,0,warm,0.3734251259993471,0,False,176181,True
nginx-analysis,nginx-3.sh,try,0,cold,1.6979077570013033,0,False,179351,True
nginx-analysis,nginx-3.sh,try,0,warm,1.7579906709997886,0,False,349128,True
nginx-analysis,nginx-3.sh,observe,0,cold,0.30083897999975306,0,False,177467,True
nginx-analysis,nginx-3.sh,observe,0,warm,0.2245667120005237,0,False,345840,True
nginx-analysis,nginx-3.sh,main,1,cold,1.7155811819993687,0,False,176181,True
nginx-analysis,nginx-3.sh,main,1,warm,0.3587624270003289,0,False,176181,False
nginx-analysis,nginx-3.sh,try,1,cold,1.628308322000521,0,False,179351,True
nginx-analysis,nginx-3.sh,try,1,warm,1.6001462410004024,0,False,349128,True
nginx-analysis,nginx-3.sh,observe,1,cold,0.15857752900046762,0,False,177467,True
nginx-analysis,nginx-3.sh,observe,1,warm,0.15110323900080402,0,False,345840,True
nginx-analysis,nginx-3.sh,bash,1,cold,0.013157613000657875,0,False,0,True
nginx-analysis,nginx-3.sh,bash,1,warm,0.01363513600153965,0,False,0,True
nginx-analysis,nginx-3.sh,try,2,cold,1.63143606399899,0,False,179351,True
nginx-analysis,nginx-3.sh,try,2,warm,2.1379987680011254,0,False,349128,True
nginx-analysis,nginx-3.sh,observe,2,cold,0.1802125550002529,0,False,177467,True
nginx-analysis,nginx-3.sh,observe,2,warm,0.16703573700033303,0,False,345840,True
nginx-analysis,nginx-3.sh,bash,2,cold,0.006768961000489071,0,False,0,True
nginx-analysis,nginx-3.sh,bash,2,warm,0.013399241999650258,0,False,0,True
nginx-analysis,nginx-3.sh,main,2,cold,1.685742260000552,0,False,176181,True
nginx-analysis,nginx-3.sh,main,2,warm,0.3727700899999036,0,False,176181,False
nginx-analysis,nginx-4.sh,bash,0,cold,0.014214345999789657,0,False,0,True
nginx-analysis,nginx-4.sh,bash,0,warm,0.015253151001161314,0,False,0,True
nginx-analysis,nginx-4.sh,main,0,cold,1.71377414699964,0,False,176331,True
nginx-analysis,nginx-4.sh,main,0,warm,0.3892866389996925,0,False,176331,True
nginx-analysis,nginx-4.sh,try,0,cold,1.9319638929991925,0,False,180060,True
nginx-analysis,nginx-4.sh,try,0,warm,1.9410794119994534,0,False,349837,True
nginx-analysis,nginx-4.sh,observe,0,cold,0.18281548200138786,0,False,178016,True
nginx-analysis,nginx-4.sh,observe,0,warm,0.23514326000076835,0,False,346389,True
nginx-analysis,nginx-4.sh,main,1,cold,1.70691248500043,0,False,176331,True
nginx-analysis,nginx-4.sh,main,1,warm,0.37603173200113815,0,False,176331,True
nginx-analysis,nginx-4.sh,try,1,cold,2.05693602700012,0,False,180060,True
nginx-analysis,nginx-4.sh,try,1,warm,2.1433081140003196,0,False,349837,True
nginx-analysis,nginx-4.sh,observe,1,cold,0.22816751599930285,0,False,178016,True
nginx-analysis,nginx-4.sh,observe,1,warm,0.23170736200154352,0,False,346389,True
nginx-analysis,nginx-4.sh,bash,1,cold,0.015957421999701182,0,False,0,True
nginx-analysis,nginx-4.sh,bash,1,warm,0.013702124000701588,0,False,0,True
nginx-analysis,nginx-4.sh,try,2,cold,1.9273185959991679,0,False,180060,True
nginx-analysis,nginx-4.sh,try,2,warm,1.8684224490007182,0,False,349837,True
nginx-analysis,nginx-4.sh,observe,2,cold,0.1686912269997265,0,False,178016,True
nginx-analysis,nginx-4.sh,observe,2,warm,0.1941763520007953,0,False,346389,True
nginx-analysis,nginx-4.sh,bash,2,cold,0.01271098400138726,0,False,0,True
nginx-analysis,nginx-4.sh,bash,2,warm,0.014048357999854488,0,False,0,True
nginx-analysis,nginx-4.sh,main,2,cold,1.64552219899997,0,False,176331,True
nginx-analysis,nginx-4.sh,main,2,warm,0.351607304000936,0,False,176331,False
nginx-analysis,nginx-5.sh,bash,0,cold,0.009052420000443817,0,False,0,True
nginx-analysis,nginx-5.sh,bash,0,warm,0.008332456998687121,0,False,0,True
nginx-analysis,nginx-5.sh,main,0,cold,0.15800109799965867,0,False,4802,True
nginx-analysis,nginx-5.sh,main,0,warm,0.18437599299977592,0,False,4802,True
nginx-analysis,nginx-5.sh,try,0,cold,1.0002263090009365,0,False,7141,True
nginx-analysis,nginx-5.sh,try,0,warm,0.17802520400073263,0,False,7141,True
nginx-analysis,nginx-5.sh,observe,0,cold,0.2183707879994472,0,False,6055,True
nginx-analysis,nginx-5.sh,observe,0,warm,0.14137950500116858,0,False,6055,True
nginx-analysis,nginx-5.sh,main,1,cold,0.14685696600099618,0,False,4802,True
nginx-analysis,nginx-5.sh,main,1,warm,0.14352183399932983,0,False,4802,True
nginx-analysis,nginx-5.sh,try,1,cold,0.9153203059995576,0,False,7141,True
nginx-analysis,nginx-5.sh,try,1,warm,0.1789676549997239,0,False,7141,True
nginx-analysis,nginx-5.sh,observe,1,cold,0.15794259700123803,0,False,6055,True
nginx-analysis,nginx-5.sh,observe,1,warm,0.14857832199959375,0,False,6055,True
nginx-analysis,nginx-5.sh,bash,1,cold,0.010915547998592956,0,False,0,True
nginx-analysis,nginx-5.sh,bash,1,warm,0.0070474980002472876,0,False,0,True
nginx-analysis,nginx-5.sh,try,2,cold,1.0267590710009245,0,False,7141,True
nginx-analysis,nginx-5.sh,try,2,warm,0.29620969900133787,0,False,7141,True
nginx-analysis,nginx-5.sh,observe,2,cold,0.15257906899933005,0,False,6055,True
nginx-analysis,nginx-5.sh,observe,2,warm,0.14158088300064264,0,False,6055,True
nginx-analysis,nginx-5.sh,bash,2,cold,0.011985553999693366,0,False,0,True
nginx-analysis,nginx-5.sh,bash,2,warm,0.0101517610000883,0,False,0,True
nginx-analysis,nginx-5.sh,main,2,cold,0.16915098800018313,0,False,4802,True
nginx-analysis,nginx-5.sh,main,2,warm,0.13809385700005805,0,False,4802,True
nginx-analysis,nginx-6.sh,bash,0,cold,0.018159037999794236,0,False,0,True
nginx-analysis,nginx-6.sh,bash,0,warm,0.01164108299963118,0,False,0,True
nginx-analysis,nginx-6.sh,main,0,cold,0.15886232600132644,0,False,9855,True
nginx-analysis,nginx-6.sh,main,0,warm,0.13404494200040062,0,False,9855,True
nginx-analysis,nginx-6.sh,try,0,cold,1.4627341959985642,0,False,13391,True
nginx-analysis,nginx-6.sh,try,0,warm,0.19167983999977878,0,False,13391,True
nginx-analysis,nginx-6.sh,observe,0,cold,0.16537321899886592,0,False,11539,True
nginx-analysis,nginx-6.sh,observe,0,warm,0.1409895750002761,0,False,11539,True
nginx-analysis,nginx-6.sh,main,1,cold,0.15595227800076827,0,False,9855,True
nginx-analysis,nginx-6.sh,main,1,warm,0.1418936299996858,0,False,9855,True
nginx-analysis,nginx-6.sh,try,1,cold,1.3897889820000273,0,False,13391,True
nginx-analysis,nginx-6.sh,try,1,warm,0.3464697379986319,0,False,13391,True
nginx-analysis,nginx-6.sh,observe,1,cold,0.19751797999924747,0,False,11539,True
nginx-analysis,nginx-6.sh,observe,1,warm,0.20171951599877502,0,False,11539,True
nginx-analysis,nginx-6.sh,bash,1,cold,0.011763706999772694,0,False,0,True
nginx-analysis,nginx-6.sh,bash,1,warm,0.01789764400018612,0,False,0,True
nginx-analysis,nginx-6.sh,try,2,cold,1.47107932399922,0,False,13391,True
nginx-analysis,nginx-6.sh,try,2,warm,0.18922382600067067,0,False,13391,True
nginx-analysis,nginx-6.sh,observe,2,cold,0.1769559679996746,0,False,11539,True
nginx-analysis,nginx-6.sh,observe,2,warm,0.1457302319995506,0,False,11539,True
nginx-analysis,nginx-6.sh,bash,2,cold,0.011850961000163807,0,False,0,True
nginx-analysis,nginx-6.sh,bash,2,warm,0.014732843001183937,0,False,0,True
nginx-analysis,nginx-6.sh,main,2,cold,0.16298251900116156,0,False,9855,True
nginx-analysis,nginx-6.sh,main,2,warm,0.14377612299904285,0,False,9855,True
nginx-analysis,nginx-7.sh,bash,0,cold,0.011746898999263067,0,False,0,True
nginx-analysis,nginx-7.sh,bash,0,warm,0.011103930999524891,0,False,0,True
nginx-analysis,nginx-7.sh,main,0,cold,0.182507068000632,0,False,11451,True
nginx-analysis,nginx-7.sh,main,0,warm,0.2696945619991311,0,False,11451,True
nginx-analysis,nginx-7.sh,try,0,cold,1.6514489850014797,0,False,15366,True
nginx-analysis,nginx-7.sh,try,0,warm,0.2824031219988683,0,False,15366,True
nginx-analysis,nginx-7.sh,observe,0,cold,0.17490223899949342,0,False,13538,True
nginx-analysis,nginx-7.sh,observe,0,warm,0.21637515600014012,0,False,13538,True
nginx-analysis,nginx-7.sh,main,1,cold,0.21633504499914125,0,False,11451,True
nginx-analysis,nginx-7.sh,main,1,warm,0.19705366500056698,0,False,11451,True
nginx-analysis,nginx-7.sh,try,1,cold,1.6116589579996798,0,False,15366,True
nginx-analysis,nginx-7.sh,try,1,warm,0.20748066899977857,0,False,15366,True
nginx-analysis,nginx-7.sh,observe,1,cold,0.1752529900004447,0,False,13538,True
nginx-analysis,nginx-7.sh,observe,1,warm,0.15128505100074108,0,False,13538,True
nginx-analysis,nginx-7.sh,bash,1,cold,0.013373429999774089,0,False,0,True
nginx-analysis,nginx-7.sh,bash,1,warm,0.012870561000454472,0,False,0,True
nginx-analysis,nginx-7.sh,try,2,cold,1.5693004510012543,0,False,15366,True
nginx-analysis,nginx-7.sh,try,2,warm,0.21622086000024865,0,False,15366,True
nginx-analysis,nginx-7.sh,observe,2,cold,0.17076595399885264,0,False,13538,True
nginx-analysis,nginx-7.sh,observe,2,warm,0.16687633099900268,0,False,13538,True
nginx-analysis,nginx-7.sh,bash,2,cold,0.017272439999942435,0,False,0,True
nginx-analysis,nginx-7.sh,bash,2,warm,0.013432577999992645,0,False,0,True
nginx-analysis,nginx-7.sh,main,2,cold,0.2249345469990658,0,False,11451,True
nginx-analysis,nginx-7.sh,main,2,warm,0.15707083300003433,0,False,11451,True
nginx-analysis,nginx-8.sh,bash,0,cold,0.016064247000031173,0,False,0,True
nginx-analysis,nginx-8.sh,bash,0,warm,0.013545095000154106,0,False,0,True
nginx-analysis,nginx-8.sh,main,0,cold,0.16841487500096264,0,False,12975,True
nginx-analysis,nginx-8.sh,main,0,warm,0.20444238600066456,0,False,12975,True
nginx-analysis,nginx-8.sh,try,0,cold,2.0056212630006485,0,False,18032,True
nginx-analysis,nginx-8.sh,try,0,warm,0.28460928500135196,0,False,18032,True
nginx-analysis,nginx-8.sh,observe,0,cold,0.19627046100140433,0,False,15884,True
nginx-analysis,nginx-8.sh,observe,0,warm,0.2287697110004956,0,False,15884,True
nginx-analysis,nginx-8.sh,main,1,cold,0.2262488479991589,0,False,12975,True
nginx-analysis,nginx-8.sh,main,1,warm,0.21725475300081598,0,False,12975,True
nginx-analysis,nginx-8.sh,try,1,cold,2.053531876999841,0,False,18032,True
nginx-analysis,nginx-8.sh,try,1,warm,0.2542830389993469,0,False,18032,True
nginx-analysis,nginx-8.sh,observe,1,cold,0.2594476829999621,0,False,15884,True
nginx-analysis,nginx-8.sh,observe,1,warm,0.14413451499967778,0,False,15884,True
nginx-analysis,nginx-8.sh,bash,1,cold,0.019688235999637982,0,False,0,True
nginx-analysis,nginx-8.sh,bash,1,warm,0.02010370599964517,0,False,0,True
nginx-analysis,nginx-8.sh,try,2,cold,2.148849438999605,0,False,18032,True
nginx-analysis,nginx-8.sh,try,2,warm,0.29454558600082237,0,False,18032,True
nginx-analysis,nginx-8.sh,observe,2,cold,0.18906746700122312,0,False,15884,True
nginx-analysis,nginx-8.sh,observe,2,warm,0.2205771039989486,0,False,15884,True
nginx-analysis,nginx-8.sh,bash,2,cold,0.008976240000265534,0,False,0,True
nginx-analysis,nginx-8.sh,bash,2,warm,0.01841013400007796,0,False,0,True
nginx-analysis,nginx-8.sh,main,2,cold,0.15755605499907688,0,False,12975,True
nginx-analysis,nginx-8.sh,main,2,warm,0.25768955100102175,0,False,12975,True
nginx-analysis,nginx-9.sh,bash,0,cold,0.01174250599979132,0,False,0,True
nginx-analysis,nginx-9.sh,bash,0,warm,0.017808670998419984,0,False,0,True
nginx-analysis,nginx-9.sh,main,0,cold,0.1682742059983866,0,False,15874,True
nginx-analysis,nginx-9.sh,main,0,warm,0.2696150219999254,0,False,15874,True
nginx-analysis,nginx-9.sh,try,0,cold,2.4261401889998524,0,False,22128,True
nginx-analysis,nginx-9.sh,try,0,warm,0.2902415270000347,0,False,22128,True
nginx-analysis,nginx-9.sh,observe,0,cold,0.20363021599951026,0,False,19214,True
nginx-analysis,nginx-9.sh,observe,0,warm,0.16502955500072858,0,False,19214,True
nginx-analysis,nginx-9.sh,main,1,cold,0.23883670499890286,0,False,15874,True
nginx-analysis,nginx-9.sh,main,1,warm,0.15245355899969582,0,False,15874,True
nginx-analysis,nginx-9.sh,try,1,cold,2.3834569869995903,0,False,22128,True
nginx-analysis,nginx-9.sh,try,1,warm,0.3284155269993789,0,False,22128,True
nginx-analysis,nginx-9.sh,observe,1,cold,0.2845216369987611,0,False,19214,True
nginx-analysis,nginx-9.sh,observe,1,warm,0.15861870399930922,0,False,19214,True
nginx-analysis,nginx-9.sh,bash,1,cold,0.023489260000133072,0,False,0,True
nginx-analysis,nginx-9.sh,bash,1,warm,0.025541953998981626,0,False,0,True
nginx-analysis,nginx-9.sh,try,2,cold,2.3847680069993658,0,False,22128,True
nginx-analysis,nginx-9.sh,try,2,warm,0.2991235119989142,0,False,22128,True
nginx-analysis,nginx-9.sh,observe,2,cold,0.20338351499958662,0,False,19214,True
nginx-analysis,nginx-9.sh,observe,2,warm,0.22322907499983557,0,False,19214,True
nginx-analysis,nginx-9.sh,bash,2,cold,0.015201334001176292,0,False,0,True
nginx-analysis,nginx-9.sh,bash,2,warm,0.021718153000620077,0,False,0,True
nginx-analysis,nginx-9.sh,main,2,cold,0.1865710959991702,0,False,15874,True
nginx-analysis,nginx-9.sh,main,2,warm,0.288221152000915,0,False,15874,True
nlp-ngrams,ngrams-1.sh,bash,0,cold,0.014382690998900216,0,False,0,True
nlp-ngrams,ngrams-1.sh,bash,0,warm,0.023190742000224418,0,False,0,True
nlp-ngrams,ngrams-1.sh,main,0,cold,1.7655214610003895,0,False,17693,True
nlp-ngrams,ngrams-1.sh,main,0,warm,0.31165721700017457,0,False,17693,True
nlp-ngrams,ngrams-1.sh,try,0,cold,2.567233865000162,0,False,23460,True
nlp-ngrams,ngrams-1.sh,try,0,warm,1.1567024259984464,0,False,30470,True
nlp-ngrams,ngrams-1.sh,observe,0,cold,0.18777876099920832,0,False,18736,True
nlp-ngrams,ngrams-1.sh,observe,0,warm,0.23007641399999557,0,False,23343,True
nlp-ngrams,ngrams-1.sh,main,1,cold,1.7755204000004596,0,False,17693,True
nlp-ngrams,ngrams-1.sh,main,1,warm,0.33555392699963704,0,False,17693,True
nlp-ngrams,ngrams-1.sh,try,1,cold,2.082971407000514,0,False,23460,True
nlp-ngrams,ngrams-1.sh,try,1,warm,1.8338234249986272,0,False,29879,True
nlp-ngrams,ngrams-1.sh,observe,1,cold,0.1847041649998573,0,False,18736,True
nlp-ngrams,ngrams-1.sh,observe,1,warm,0.19559980499980156,0,False,23343,True
nlp-ngrams,ngrams-1.sh,bash,1,cold,0.02228417800142779,0,False,0,True
nlp-ngrams,ngrams-1.sh,bash,1,warm,0.022122837999631884,0,False,0,True
nlp-ngrams,ngrams-1.sh,try,2,cold,2.2339569220002886,0,False,23460,True
nlp-ngrams,ngrams-1.sh,try,2,warm,1.1137234169982548,0,False,30470,True
nlp-ngrams,ngrams-1.sh,observe,2,cold,0.2370113679990027,0,False,18736,True
nlp-ngrams,ngrams-1.sh,observe,2,warm,0.1746768510001857,0,False,23343,True
nlp-ngrams,ngrams-1.sh,bash,2,cold,0.027401661000112654,0,False,0,True
nlp-ngrams,ngrams-1.sh,bash,2,warm,0.021060261000457103,0,False,0,True
nlp-ngrams,ngrams-1.sh,main,2,cold,1.882941400999698,0,False,17693,True
nlp-ngrams,ngrams-1.sh,main,2,warm,0.25828876299965486,0,False,17693,True
nlp-ngrams,ngrams-2.sh,bash,0,cold,0.029867539000406396,0,False,0,True
nlp-ngrams,ngrams-2.sh,bash,0,warm,0.022047470998586505,0,False,0,True
nlp-ngrams,ngrams-2.sh,main,0,cold,1.8852594569998473,0,False,36597,True
nlp-ngrams,ngrams-2.sh,main,0,warm,0.3003158709998388,0,False,36597,True
nlp-ngrams,ngrams-2.sh,try,0,cold,1.90512784099883,0,False,43665,True
nlp-ngrams,ngrams-2.sh,try,0,warm,0.8809331570009817,0,False,58953,True
nlp-ngrams,ngrams-2.sh,observe,0,cold,0.22533487100008642,0,False,37746,True
nlp-ngrams,ngrams-2.sh,observe,0,warm,0.18236002000048757,0,False,49596,True
nlp-ngrams,ngrams-2.sh,main,1,cold,1.806216876999315,0,False,36597,True
nlp-ngrams,ngrams-2.sh,main,1,warm,0.2736169100007828,0,False,36597,False
nlp-ngrams,ngrams-2.sh,try,1,cold,1.9344331020001846,0,False,43665,True
nlp-ngrams,ngrams-2.sh,try,1,warm,0.8760271789997205,0,False,58953,True
nlp-ngrams,ngrams-2.sh,observe,1,cold,0.19182050699964748,0,False,37746,True
nlp-ngrams,ngrams-2.sh,observe,1,warm,0.1726724930013006,0,False,49596,True
nlp-ngrams,ngrams-2.sh,bash,1,cold,0.02155508599935274,0,False,0,True
nlp-ngrams,ngrams-2.sh,bash,1,warm,0.026570171999992453,0,False,0,True
nlp-ngrams,ngrams-2.sh,try,2,cold,1.9087768780009355,0,False,43665,True
nlp-ngrams,ngrams-2.sh,try,2,warm,1.5928783190011018,0,False,58362,True
nlp-ngrams,ngrams-2.sh,observe,2,cold,0.20763785600138362,0,False,37746,True
nlp-ngrams,ngrams-2.sh,observe,2,warm,0.29243510400010564,0,False,49596,True
nlp-ngrams,ngrams-2.sh,bash,2,cold,0.03068996000001789,0,False,0,True
nlp-ngrams,ngrams-2.sh,bash,2,warm,0.028530563000458642,0,False,0,True
nlp-ngrams,ngrams-2.sh,main,2,cold,1.9530261420004535,0,False,36597,True
nlp-ngrams,ngrams-2.sh,main,2,warm,0.34074317600061477,0,False,36597,True
nlp-ngrams,ngrams-3.sh,bash,0,cold,0.032354195000152686,0,False,0,True
nlp-ngrams,ngrams-3.sh,bash,0,warm,0.024996218000524095,0,False,0,True
nlp-ngrams,ngrams-3.sh,main,0,cold,1.8936333450001257,0,False,38257,True
nlp-ngrams,ngrams-3.sh,main,0,warm,0.32129832999999053,0,False,38257,False
nlp-ngrams,ngrams-3.sh,try,0,cold,2.685455570999693,0,False,46500,True
nlp-ngrams,ngrams-3.sh,try,0,warm,1.2446184910004376,0,False,64623,True
nlp-ngrams,ngrams-3.sh,observe,0,cold,0.2886005350010237,0,False,39704,True
nlp-ngrams,ngrams-3.sh,observe,0,warm,0.26763086400023894,0,False,53512,True
nlp-ngrams,ngrams-3.sh,main,1,cold,1.8628799359994446,0,False,38257,True
nlp-ngrams,ngrams-3.sh,main,1,warm,0.3232306560003053,0,False,38257,False
nlp-ngrams,ngrams-3.sh,try,1,cold,2.6897990590005065,0,False,46500,True
nlp-ngrams,ngrams-3.sh,try,1,warm,1.3311502279993874,0,False,64623,True
nlp-ngrams,ngrams-3.sh,observe,1,cold,0.20411635900018155,0,False,39704,True
nlp-ngrams,ngrams-3.sh,observe,1,warm,0.3148074019991327,0,False,53512,True
nlp-ngrams,ngrams-3.sh,bash,1,cold,0.01971365200006403,0,False,0,True
nlp-ngrams,ngrams-3.sh,bash,1,warm,0.023471085998608032,0,False,0,True
nlp-ngrams,ngrams-3.sh,try,2,cold,2.6602092049997736,0,False,46500,True
nlp-ngrams,ngrams-3.sh,try,2,warm,1.2034683029996813,0,False,64623,True
nlp-ngrams,ngrams-3.sh,observe,2,cold,0.24833886300075392,0,False,39704,True
nlp-ngrams,ngrams-3.sh,observe,2,warm,0.3597815510001965,0,False,53512,True
nlp-ngrams,ngrams-3.sh,bash,2,cold,0.0298436840002978,0,False,0,True
nlp-ngrams,ngrams-3.sh,bash,2,warm,0.033691111999360146,0,False,0,True
nlp-ngrams,ngrams-3.sh,main,2,cold,1.8987421649999305,0,False,38257,True
nlp-ngrams,ngrams-3.sh,main,2,warm,0.3481885269993654,0,False,38257,False
nlp-uppercase,uppercase_by_token.sh,bash,0,cold,0.015117914999791537,0,False,0,True
nlp-uppercase,uppercase_by_token.sh,bash,0,warm,0.013414279999778955,0,False,0,True
nlp-uppercase,uppercase_by_token.sh,main,0,cold,0.8388139290000254,0,False,8237,True
nlp-uppercase,uppercase_by_token.sh,main,0,warm,0.13798752399998193,0,False,8237,True
nlp-uppercase,uppercase_by_token.sh,try,0,cold,1.5208793319998222,0,False,12626,True
nlp-uppercase,uppercase_by_token.sh,try,0,warm,0.3271794009997393,0,False,13217,True
nlp-uppercase,uppercase_by_token.sh,observe,0,cold,0.2761361859993485,0,False,9573,True
nlp-uppercase,uppercase_by_token.sh,observe,0,warm,0.22870181700091052,0,False,9573,True
nlp-uppercase,uppercase_by_token.sh,main,1,cold,0.8531919790002576,0,False,8237,True
nlp-uppercase,uppercase_by_token.sh,main,1,warm,0.17768019100003585,0,False,8237,False
nlp-uppercase,uppercase_by_token.sh,try,1,cold,1.341069072999744,0,False,12626,True
nlp-uppercase,uppercase_by_token.sh,try,1,warm,0.20244475900108228,0,False,13217,True
nlp-uppercase,uppercase_by_token.sh,observe,1,cold,0.3001230099998793,0,False,9573,True
nlp-uppercase,uppercase_by_token.sh,observe,1,warm,0.2171151850016031,0,False,9573,True
nlp-uppercase,uppercase_by_token.sh,bash,1,cold,0.009745850000399514,0,False,0,True
nlp-uppercase,uppercase_by_token.sh,bash,1,warm,0.018102636999174138,0,False,0,True
nlp-uppercase,uppercase_by_token.sh,try,2,cold,1.6188699319991429,0,False,12626,True
nlp-uppercase,uppercase_by_token.sh,try,2,warm,0.20061589299984917,0,False,13217,True
nlp-uppercase,uppercase_by_token.sh,observe,2,cold,0.29721296500065364,0,False,9573,True
nlp-uppercase,uppercase_by_token.sh,observe,2,warm,0.14691157099878183,0,False,9573,True
nlp-uppercase,uppercase_by_token.sh,bash,2,cold,0.018179026001234888,0,False,0,True
nlp-uppercase,uppercase_by_token.sh,bash,2,warm,0.015376960998764844,0,False,0,True
nlp-uppercase,uppercase_by_token.sh,main,2,cold,0.7510225570003968,0,False,8237,True
nlp-uppercase,uppercase_by_token.sh,main,2,warm,0.1484059949998482,0,False,8237,True
nlp-uppercase,uppercase_by_type.sh,bash,0,cold,0.015066216999912285,0,False,0,True
nlp-uppercase,uppercase_by_type.sh,bash,0,warm,0.018417776000205777,0,False,0,True
nlp-uppercase,uppercase_by_type.sh,main,0,cold,0.7691241879983863,0,False,10557,True
nlp-uppercase,uppercase_by_type.sh,main,0,warm,0.15432236500055296,0,False,10557,False
nlp-uppercase,uppercase_by_type.sh,try,0,cold,1.46951602900117,0,False,15505,True
nlp-uppercase,uppercase_by_type.sh,try,0,warm,0.35978591500133916,0,False,16096,True
nlp-uppercase,uppercase_by_type.sh,observe,0,cold,0.17422486999930697,0,False,12292,True
nlp-uppercase,uppercase_by_type.sh,observe,0,warm,0.16123243900074158,0,False,12292,True
nlp-uppercase,uppercase_by_type.sh,main,1,cold,0.7945993929988617,0,False,10557,True
nlp-uppercase,uppercase_by_type.sh,main,1,warm,0.1974749420005537,0,False,10557,False
nlp-uppercase,uppercase_by_type.sh,try,1,cold,1.6091693160014984,0,False,15505,True
nlp-uppercase,uppercase_by_type.sh,try,1,warm,0.25962990799962427,0,False,16096,True
nlp-uppercase,uppercase_by_type.sh,observe,1,cold,0.1680529810000735,0,False,12292,True
nlp-uppercase,uppercase_by_type.sh,observe,1,warm,0.22536285599926487,0,False,12292,True
nlp-uppercase,uppercase_by_type.sh,bash,1,cold,0.009703898000225308,0,False,0,True
nlp-uppercase,uppercase_by_type.sh,bash,1,warm,0.017614033000427298,0,False,0,True
nlp-uppercase,uppercase_by_type.sh,try,2,cold,1.6636878350000188,0,False,15505,True
nlp-uppercase,uppercase_by_type.sh,try,2,warm,0.2470497370013618,0,False,16096,True
nlp-uppercase,uppercase_by_type.sh,observe,2,cold,0.24571508100052597,0,False,12292,True
nlp-uppercase,uppercase_by_type.sh,observe,2,warm,0.28406894100044155,0,False,12292,True
nlp-uppercase,uppercase_by_type.sh,bash,2,cold,0.009666644000390079,0,False,0,True
nlp-uppercase,uppercase_by_type.sh,bash,2,warm,0.016256578001048183,0,False,0,True
nlp-uppercase,uppercase_by_type.sh,main,2,cold,0.8167285129984521,0,False,10557,True
nlp-uppercase,uppercase_by_type.sh,main,2,warm,0.1463726530000713,0,False,10557,False
poet,poet-1.sh,bash,0,cold,0.010223876000964083,0,False,0,True
poet,poet-1.sh,bash,0,warm,0.01278513000033854,0,False,0,True
poet,poet-1.sh,main,0,cold,0.17715830599991023,0,False,17711,True
poet,poet-1.sh,main,0,warm,0.14972792899970955,0,False,17711,True
poet,poet-1.sh,try,0,cold,0.8813687559995742,0,False,20410,True
poet,poet-1.sh,try,0,warm,0.17950437900071847,0,False,20410,True
poet,poet-1.sh,observe,0,cold,0.22381222100011655,0,False,19166,True
poet,poet-1.sh,observe,0,warm,0.17089775299973553,0,False,19166,True
poet,poet-1.sh,main,1,cold,0.21135485000013432,0,False,17711,True
poet,poet-1.sh,main,1,warm,0.13211941699955787,0,False,17711,True
poet,poet-1.sh,try,1,cold,0.8468120870002167,0,False,20410,True
poet,poet-1.sh,try,1,warm,0.17447332400115556,0,False,20410,True
poet,poet-1.sh,observe,1,cold,0.1471176800005196,0,False,19166,True
poet,poet-1.sh,observe,1,warm,0.16106108599888103,0,False,19166,True
poet,poet-1.sh,bash,1,cold,0.006784834999052691,0,False,0,True
poet,poet-1.sh,bash,1,warm,0.012836910000260104,0,False,0,True
poet,poet-1.sh,try,2,cold,0.7514495220002573,0,False,20410,True
poet,poet-1.sh,try,2,warm,0.17265068400047312,0,False,20410,True
poet,poet-1.sh,observe,2,cold,0.18113538500074355,0,False,19166,True
poet,poet-1.sh,observe,2,warm,0.17361237199838797,0,False,19166,True
poet,poet-1.sh,bash,2,cold,0.01303099500000826,0,False,0,True
poet,poet-1.sh,bash,2,warm,0.009753321000971482,0,False,0,True
poet,poet-1.sh,main,2,cold,0.14584511700013536,0,False,17711,True
poet,poet-1.sh,main,2,warm,0.16151874299976043,0,False,17711,True
poet,poet-2.sh,bash,0,cold,0.014301152999905753,0,False,0,True
poet,poet-2.sh,bash,0,warm,0.012172184000519337,0,False,0,True
poet,poet-2.sh,main,0,cold,0.18575039799907245,0,False,21171,True
poet,poet-2.sh,main,0,warm,0.1702652139993006,0,False,21171,True
poet,poet-2.sh,try,0,cold,1.4147247620003327,0,False,24904,True
poet,poet-2.sh,try,0,warm,0.2010875539999688,0,False,24904,True
poet,poet-2.sh,observe,0,cold,0.15708880100100941,0,False,22042,True
poet,poet-2.sh,observe,0,warm,0.18930344999898807,0,False,22042,True
poet,poet-2.sh,main,1,cold,0.15091358200152172,0,False,21171,True
poet,poet-2.sh,main,1,warm,0.13351116799822194,0,False,21171,True
poet,poet-2.sh,try,1,cold,1.7685679459991661,0,False,24904,True
poet,poet-2.sh,try,1,warm,0.18918732900056057,0,False,24904,True
poet,poet-2.sh,observe,1,cold,0.19471772100041562,0,False,22042,True
poet,poet-2.sh,observe,1,warm,0.13669836799999757,0,False,22042,True
poet,poet-2.sh,bash,1,cold,0.012915400999190751,0,False,0,True
poet,poet-2.sh,bash,1,warm,0.012916514000608004,0,False,0,True
poet,poet-2.sh,try,2,cold,1.2177421619999222,0,False,24904,True
poet,poet-2.sh,try,2,warm,0.1913856119990669,0,False,24904,True
poet,poet-2.sh,observe,2,cold,0.15552375600054802,0,False,22042,True
poet,poet-2.sh,observe,2,warm,0.13901507800073887,0,False,22042,True
poet,poet-2.sh,bash,2,cold,0.0069456180008273805,0,False,0,True
poet,poet-2.sh,bash,2,warm,0.014243647001421778,0,False,0,True
poet,poet-2.sh,main,2,cold,0.16117702500014275,0,False,21171,True
poet,poet-2.sh,main,2,warm,0.1405568480004149,0,False,21171,True
poet,poet-3.sh,bash,0,cold,0.009158007998848916,0,False,0,True
poet,poet-3.sh,bash,0,warm,0.011249302999203792,0,False,0,True
poet,poet-3.sh,main,0,cold,0.1515541930002655,0,False,23491,True
poet,poet-3.sh,main,0,warm,0.1725906979991123,0,False,23491,True
poet,poet-3.sh,try,0,cold,1.7771137449999515,0,False,27783,True
poet,poet-3.sh,try,0,warm,0.2015319999991334,0,False,27783,True
poet,poet-3.sh,observe,0,cold,0.18713043100069626,0,False,24761,True
poet,poet-3.sh,observe,0,warm,0.2229027120010869,0,False,24761,True
poet,poet-3.sh,main,1,cold,0.16271781400064356,0,False,23491,True
poet,poet-3.sh,main,1,warm,0.20431938000001537,0,False,23491,True
poet,poet-3.sh,try,1,cold,1.7500409559997934,0,False,27783,True
poet,poet-3.sh,try,1,warm,0.2828146560004825,0,False,27783,True
poet,poet-3.sh,observe,1,cold,0.27483574700090685,0,False,24761,True
poet,poet-3.sh,observe,1,warm,0.1551912449995143,0,False,24761,True
poet,poet-3.sh,bash,1,cold,0.01695830899916473,0,False,0,True
poet,poet-3.sh,bash,1,warm,0.014598996998756775,0,False,0,True
poet,poet-3.sh,try,2,cold,1.6196219239991478,0,False,27783,True
poet,poet-3.sh,try,2,warm,0.24114711999936844,0,False,27783,True
poet,poet-3.sh,observe,2,cold,0.17395496199969784,0,False,24761,True
poet,poet-3.sh,observe,2,warm,0.1449274560000049,0,False,24761,True
poet,poet-3.sh,bash,2,cold,0.01693448300102318,0,False,0,True
poet,poet-3.sh,bash,2,warm,0.011876463999215048,0,False,0,True
poet,poet-3.sh,main,2,cold,0.14379413800088514,0,False,23491,True
poet,poet-3.sh,main,2,warm,0.21468144599930383,0,False,23491,True
poet,poet-4.sh,bash,0,cold,0.020091704000151367,0,False,0,True
poet,poet-4.sh,bash,0,warm,0.022110617999715032,0,False,0,True
poet,poet-4.sh,main,0,cold,0.16635845100063307,0,False,30451,True
poet,poet-4.sh,main,0,warm,0.14368705900051282,0,False,30451,True
poet,poet-4.sh,try,0,cold,2.1749231619996863,0,False,35350,True
poet,poet-4.sh,try,0,warm,0.23183233300005668,0,False,35350,True
poet,poet-4.sh,observe,0,cold,0.2435821989984106,0,False,32168,True
poet,poet-4.sh,observe,0,warm,0.18065247400045337,0,False,32168,True
poet,poet-4.sh,main,1,cold,0.1798022349994426,0,False,30451,True
poet,poet-4.sh,main,1,warm,0.15401420099988172,0,False,30451,True
poet,poet-4.sh,try,1,cold,2.1819195829993987,0,False,35350,True
poet,poet-4.sh,try,1,warm,0.2359701999994286,0,False,35350,True
poet,poet-4.sh,observe,1,cold,0.20252822499969625,0,False,32168,True
poet,poet-4.sh,observe,1,warm,0.17567100999985996,0,False,32168,True
poet,poet-4.sh,bash,1,cold,0.01563928100040357,0,False,0,True
poet,poet-4.sh,bash,1,warm,0.015802526999323163,0,False,0,True
poet,poet-4.sh,try,2,cold,2.170017241000096,0,False,35350,True
poet,poet-4.sh,try,2,warm,0.32538923699939915,0,False,35350,True
poet,poet-4.sh,observe,2,cold,0.18726956299906306,0,False,32168,True
poet,poet-4.sh,observe,2,warm,0.18021983900143823,0,False,32168,True
poet,poet-4.sh,bash,2,cold,0.015226036000967724,0,False,0,True
poet,poet-4.sh,bash,2,warm,0.01851286399869423,0,False,0,True
poet,poet-4.sh,main,2,cold,0.15935996299958788,0,False,30451,True
poet,poet-4.sh,main,2,warm,0.21627064200038149,0,False,30451,True
spell,spell-1.sh,bash,0,cold,0.0053178730013314635,0,False,0,True
spell,spell-1.sh,bash,0,warm,0.009985102999053197,0,False,0,True
spell,spell-1.sh,main,0,cold,0.14542079499915417,0,False,8509,True
spell,spell-1.sh,main,0,warm,0.12359818900040409,0,False,8509,True
spell,spell-1.sh,try,0,cold,0.771140712999113,0,False,11531,True
spell,spell-1.sh,try,0,warm,0.16734276299939665,0,False,11531,True
spell,spell-1.sh,observe,0,cold,0.14262265299839783,0,False,8785,True
spell,spell-1.sh,observe,0,warm,0.21132497700091335,0,False,8785,True
spell,spell-1.sh,main,1,cold,0.14945503899980395,0,False,8509,True
spell,spell-1.sh,main,1,warm,0.12335676700058684,0,False,8509,True
spell,spell-1.sh,try,1,cold,0.7496378380001261,0,False,11531,True
spell,spell-1.sh,try,1,warm,0.18136880599922733,0,False,11531,True
spell,spell-1.sh,observe,1,cold,0.15513473699866154,0,False,8785,True
spell,spell-1.sh,observe,1,warm,0.1559452820001752,0,False,8785,True
spell,spell-1.sh,bash,1,cold,0.006432862001020112,0,False,0,True
spell,spell-1.sh,bash,1,warm,0.009962722999262041,0,False,0,True
spell,spell-1.sh,try,2,cold,0.7934775480007374,0,False,11531,True
spell,spell-1.sh,try,2,warm,0.16186288700009754,0,False,11531,True
spell,spell-1.sh,observe,2,cold,0.21036643299885327,0,False,8785,True
spell,spell-1.sh,observe,2,warm,0.17238708500008215,0,False,8785,True
spell,spell-1.sh,bash,2,cold,0.010798458999488503,0,False,0,True
spell,spell-1.sh,bash,2,warm,0.009091091000300366,0,False,0,True
spell,spell-1.sh,main,2,cold,0.140484588999243,0,False,8509,True
spell,spell-1.sh,main,2,warm,0.18625108099877252,0,False,8509,True
spell,spell-2.sh,bash,0,cold,0.006812228999478975,0,False,0,True
spell,spell-2.sh,bash,0,warm,0.00742646400067315,0,False,0,True
spell,spell-2.sh,main,0,cold,0.6027272960000118,0,False,15233,True
spell,spell-2.sh,main,0,warm,0.24484221100101422,0,False,15233,False
spell,spell-2.sh,try,0,cold,1.1471753870009707,0,False,18601,True
spell,spell-2.sh,try,0,warm,0.18504368100002466,0,False,18601,True
spell,spell-2.sh,observe,0,cold,0.16411565999987943,0,False,15695,True
spell,spell-2.sh,observe,0,warm,0.14455063300010806,0,False,15695,True
spell,spell-2.sh,main,1,cold,0.5635497690000193,0,False,15233,True
spell,spell-2.sh,main,1,warm,0.14367249499991885,0,False,15233,False
spell,spell-2.sh,try,1,cold,0.9795313409995288,0,False,18601,True
spell,spell-2.sh,try,1,warm,0.1979419079998479,0,False,18601,True
spell,spell-2.sh,observe,1,cold,0.16457873299987114,0,False,15695,True
spell,spell-2.sh,observe,1,warm,0.16996060499877785,0,False,15695,True
spell,spell-2.sh,bash,1,cold,0.009118627000134438,0,False,0,True
spell,spell-2.sh,bash,1,warm,0.010370113001044956,0,False,0,True
spell,spell-2.sh,try,2,cold,0.9439812539985724,0,False,18601,True
spell,spell-2.sh,try,2,warm,0.32273954799893545,0,False,18601,True
spell,spell-2.sh,observe,2,cold,0.30000814700179035,0,False,15695,True
spell,spell-2.sh,observe,2,warm,0.20768322399999306,0,False,15695,True
spell,spell-2.sh,bash,2,cold,0.006047555998520693,0,False,0,True
spell,spell-2.sh,bash,2,warm,0.007070579000355792,0,False,0,True
spell,spell-2.sh,main,2,cold,0.6045517060010752,0,False,15233,True
spell,spell-2.sh,main,2,warm,0.1364388579986553,0,False,15233,True
spell,spell-3.sh,bash,0,cold,0.012481810999815934,0,False,0,True
spell,spell-3.sh,bash,0,warm,0.009463723999942886,0,False,0,True
spell,spell-3.sh,main,0,cold,0.5684656929988705,0,False,18438,True
spell,spell-3.sh,main,0,warm,0.12398509599915997,0,False,18438,False
spell,spell-3.sh,try,0,cold,1.005376339000577,0,False,21830,True
spell,spell-3.sh,try,0,warm,0.18063336900013383,0,False,21830,True
spell,spell-3.sh,observe,0,cold,0.2178138819999731,0,False,18924,True
spell,spell-3.sh,observe,0,warm,0.2126943189996382,0,False,18924,True
spell,spell-3.sh,main,1,cold,0.5599673969991272,0,False,18438,True
spell,spell-3.sh,main,1,warm,0.13190487199972267,0,False,18438,False
spell,spell-3.sh,try,1,cold,1.0358864379995794,0,False,21830,True
spell,spell-3.sh,try,1,warm,0.17974387199865305,0,False,21830,True
spell,spell-3.sh,observe,1,cold,0.15164366200042423,0,False,18924,True
spell,spell-3.sh,observe,1,warm,0.1626663130009547,0,False,18924,True
spell,spell-3.sh,bash,1,cold,0.00602014400101325,0,False,0,True
spell,spell-3.sh,bash,1,warm,0.010280447000695858,0,False,0,True
spell,spell-3.sh,try,2,cold,1.0328229569986433,0,False,21830,True
spell,spell-3.sh,try,2,warm,0.17407886199907807,0,False,21830,True
spell,spell-3.sh,observe,2,cold,0.19077027500134136,0,False,18924,True
spell,spell-3.sh,observe,2,warm,0.24734814800103777,0,False,18924,True
spell,spell-3.sh,bash,2,cold,0.006469858999480493,0,False,0,True
spell,spell-3.sh,bash,2,warm,0.009905664999678265,0,False,0,True
spell,spell-3.sh,main,2,cold,0.6263033220002399,0,False,18438,True
spell,spell-3.sh,main,2,warm,0.1323056710007222,0,False,18438,False
spell,spell-4.sh,bash,0,cold,0.006208331999005168,0,False,0,True
spell,spell-4.sh,bash,0,warm,0.0077633680011786055,0,False,0,True
spell,spell-4.sh,main,0,cold,0.5658682829998725,0,False,21643,True
spell,spell-4.sh,main,0,warm,0.17186395499993523,0,False,21643,True
spell,spell-4.sh,try,0,cold,0.9311210159994516,0,False,25059,True
spell,spell-4.sh,try,0,warm,0.22047910099900037,0,False,25059,True
spell,spell-4.sh,observe,0,cold,0.2660946039995906,0,False,22153,True
spell,spell-4.sh,observe,0,warm,0.13787807199878443,0,False,22153,True
spell,spell-4.sh,main,1,cold,0.5216138790001423,0,False,21643,True
spell,spell-4.sh,main,1,warm,0.13757466500101145,0,False,21643,False
spell,spell-4.sh,try,1,cold,0.9355651639998541,0,False,25059,True
spell,spell-4.sh,try,1,warm,0.20670163799877628,0,False,25059,True
spell,spell-4.sh,observe,1,cold,0.16007746900140774,0,False,22153,True
spell,spell-4.sh,observe,1,warm,0.20831070900021587,0,False,22153,True
spell,spell-4.sh,bash,1,cold,0.005963633999272133,0,False,0,True
spell,spell-4.sh,bash,1,warm,0.006569726001544041,0,False,0,True
spell,spell-4.sh,try,2,cold,1.0468846090006991,0,False,25059,True
spell,spell-4.sh,try,2,warm,0.20339302499996847,0,False,25059,True
spell,spell-4.sh,observe,2,cold,0.23112584599948605,0,False,22153,True
spell,spell-4.sh,observe,2,warm,0.19863762199929624,0,False,22153,True
spell,spell-4.sh,bash,2,cold,0.006460134000008111,0,False,0,True
spell,spell-4.sh,bash,2,warm,0.009967957999833743,0,False,0,True
spell,spell-4.sh,main,2,cold,0.6562560639995354,0,False,21643,True
spell,spell-4.sh,main,2,warm,0.14170627299972693,0,False,21643,False
spell,spell-5.sh,bash,0,cold,0.006064324999897508,0,False,0,True
spell,spell-5.sh,bash,0,warm,0.010841215000255033,0,False,0,True
spell,spell-5.sh,main,0,cold,0.5969540690002759,0,False,24848,True
spell,spell-5.sh,main,0,warm,0.14066542300133733,0,False,24848,False
spell,spell-5.sh,try,0,cold,1.194816602001083,0,False,28823,True
spell,spell-5.sh,try,0,warm,0.19432914899880416,0,False,28823,True
spell,spell-5.sh,observe,0,cold,0.22310987700075202,0,False,25757,True
spell,spell-5.sh,observe,0,warm,0.21048877800058108,0,False,25757,True
spell,spell-5.sh,main,1,cold,0.5856738330003282,0,False,24848,True
spell,spell-5.sh,main,1,warm,0.1430304850000539,0,False,24848,True
spell,spell-5.sh,try,1,cold,1.235403213000609,0,False,28823,True
spell,spell-5.sh,try,1,warm,0.19861428799958958,0,False,28823,True
spell,spell-5.sh,observe,1,cold,0.15863464500034752,0,False,25757,True
spell,spell-5.sh,observe,1,warm,0.16004913700089674,0,False,25757,True
spell,spell-5.sh,bash,1,cold,0.0063952349992177915,0,False,0,True
spell,spell-5.sh,bash,1,warm,0.006070286999602104,0,False,0,True
spell,spell-5.sh,try,2,cold,1.1578445249997458,0,False,28823,True
spell,spell-5.sh,try,2,warm,0.2791094849999354,0,False,28823,True
spell,spell-5.sh,observe,2,cold,0.212942670999837,0,False,25757,True
spell,spell-5.sh,observe,2,warm,0.16436739300115732,0,False,25757,True
spell,spell-5.sh,bash,2,cold,0.012962599999809754,0,False,0,True
spell,spell-5.sh,bash,2,warm,0.00968075300079363,0,False,0,True
spell,spell-5.sh,main,2,cold,0.6182471089996397,0,False,24848,True
spell,spell-5.sh,main,2,warm,0.13291914899855328,0,False,24848,True
spell,spell-6.sh,bash,0,cold,0.05284006399961072,0,False,0,True
spell,spell-6.sh,bash,0,warm,0.07446216400057892,0,False,0,True
spell,spell-6.sh,main,0,cold,0.7575602769993566,0,False,1983101,True
spell,spell-6.sh,main,0,warm,0.1564799289990333,0,False,1984507,False
spell,spell-6.sh,try,0,cold,1.7454949069997383,0,False,1988646,True
spell,spell-6.sh,try,0,warm,0.3628275360006228,0,False,1991039,True
spell,spell-6.sh,observe,0,cold,0.23495946600087336,0,False,1984623,True
spell,spell-6.sh,observe,0,warm,0.19906423700012965,0,False,1986219,True
spell,spell-6.sh,main,1,cold,0.7526357089991507,0,False,1983101,True
spell,spell-6.sh,main,1,warm,0.21556769000017084,0,False,1984507,True
spell,spell-6.sh,try,1,cold,1.8288994700014882,0,False,1988646,True
spell,spell-6.sh,try,1,warm,0.23908864200166136,0,False,1991039,True
spell,spell-6.sh,observe,1,cold,0.268553002999397,0,False,1984623,True
spell,spell-6.sh,observe,1,warm,0.1744004739994125,0,False,1986219,True
spell,spell-6.sh,bash,1,cold,0.05456713900093746,0,False,0,True
spell,spell-6.sh,bash,1,warm,0.10299881999890204,0,False,0,True
spell,spell-6.sh,try,2,cold,1.7242691900009959,0,False,1988646,True
spell,spell-6.sh,try,2,warm,0.24047509699994407,0,False,1991039,True
spell,spell-6.sh,observe,2,cold,0.26993433000097866,0,False,1984623,True
spell,spell-6.sh,observe,2,warm,0.33347149700057344,0,False,1986219,True
spell,spell-6.sh,bash,2,cold,0.059878801001104875,0,False,0,True
spell,spell-6.sh,bash,2,warm,0.06922421499984921,0,False,0,True
spell,spell-6.sh,main,2,cold,0.7055084049989091,0,False,1983101,True
spell,spell-6.sh,main,2,warm,0.1623811539993767,0,False,1984507,True
spell,spell-7.sh,bash,0,cold,0.06424105000041891,0,False,0,True
spell,spell-7.sh,bash,0,warm,0.06048200800069026,0,False,0,True
spell,spell-7.sh,main,0,cold,0.6651137820008444,0,False,1984272,True
spell,spell-7.sh,main,0,warm,0.20973138000044855,0,False,1984661,False
spell,spell-7.sh,try,0,cold,1.835806113000217,0,False,1989841,True
spell,spell-7.sh,try,0,warm,0.3140363469992735,0,False,1991217,True
spell,spell-7.sh,observe,0,cold,0.23910485200030962,0,False,1985818,True
spell,spell-7.sh,observe,0,warm,0.24280863900094118,0,False,1986397,True
spell,spell-7.sh,main,1,cold,0.7429578410010436,0,False,1984272,True
spell,spell-7.sh,main,1,warm,0.15976603800118028,0,False,1984661,False
spell,spell-7.sh,try,1,cold,1.9124120159995073,0,False,1989841,True
spell,spell-7.sh,try,1,warm,0.3117675350003992,0,False,1991217,True
spell,spell-7.sh,observe,1,cold,0.24152722599865228,0,False,1985818,True
spell,spell-7.sh,observe,1,warm,0.2504383790001157,0,False,1986397,True
spell,spell-7.sh,bash,1,cold,0.07421651599906909,0,False,0,True
spell,spell-7.sh,bash,1,warm,0.06778943599965714,0,False,0,True
spell,spell-7.sh,try,2,cold,2.246311250999497,0,False,1989841,True
spell,spell-7.sh,try,2,warm,0.302821485000095,0,False,1991217,True
spell,spell-7.sh,observe,2,cold,0.23908201700032805,0,False,1985818,True
spell,spell-7.sh,observe,2,warm,0.24181553900052677,0,False,1986397,True
spell,spell-7.sh,bash,2,cold,0.10482464200140384,0,False,0,True
spell,spell-7.sh,bash,2,warm,0.05753702900074131,0,False,0,True
spell,spell-7.sh,main,2,cold,0.713104194999687,0,False,1984272,True
spell,spell-7.sh,main,2,warm,0.257238199999847,0,False,1984661,True
unixfun,10.sh,bash,0,cold,0.0760347309987992,0,False,0,True
unixfun,10.sh,bash,0,warm,0.08055885399880935,0,False,0,True
unixfun,10.sh,main,0,cold,0.21828283099966939,0,False,11578837,True
unixfun,10.sh,main,0,warm,0.16441144499913207,0,False,11578837,True
unixfun,10.sh,try,0,cold,1.9381221930016181,0,False,11583222,True
unixfun,10.sh,try,0,warm,0.40026266099994245,0,False,11583222,True
unixfun,10.sh,observe,0,cold,0.29641339299996616,0,False,11582186,True
unixfun,10.sh,observe,0,warm,0.20131293200029177,0,False,11582186,True
unixfun,10.sh,main,1,cold,0.27211163500032853,0,False,11578837,True
unixfun,10.sh,main,1,warm,0.14720620099978987,0,False,11578837,True
unixfun,10.sh,try,1,cold,1.9527426339991507,0,False,11583222,True
unixfun,10.sh,try,1,warm,0.35292440000011993,0,False,11583222,True
unixfun,10.sh,observe,1,cold,0.36249507399952563,0,False,11582186,True
unixfun,10.sh,observe,1,warm,0.17394977699950687,0,False,11582186,True
unixfun,10.sh,bash,1,cold,0.08331134299987752,0,False,0,True
unixfun,10.sh,bash,1,warm,0.08919968699956371,0,False,0,True
unixfun,10.sh,try,2,cold,1.956276089000312,0,False,11583222,True
unixfun,10.sh,try,2,warm,0.3449047599988262,0,False,11583222,True
unixfun,10.sh,observe,2,cold,0.32958184299968707,0,False,11582186,True
unixfun,10.sh,observe,2,warm,0.17865300500125159,0,False,11582186,True
unixfun,10.sh,bash,2,cold,0.16556477899939637,0,False,0,True
unixfun,10.sh,bash,2,warm,0.07720959600010247,0,False,0,True
unixfun,10.sh,main,2,cold,0.22724298800130782,0,False,11578837,True
unixfun,10.sh,main,2,warm,0.15695116200004122,0,False,11578837,True
unixfun,11.sh,bash,0,cold,0.09101981200001319,0,False,0,True
unixfun,11.sh,bash,0,warm,0.09463767899978848,0,False,0,True
unixfun,11.sh,main,0,cold,0.23165530700134696,0,False,11473381,True
unixfun,11.sh,main,0,warm,0.24254891800046607,0,False,11473381,True
unixfun,11.sh,try,0,cold,1.762741210999593,0,False,11478124,True
unixfun,11.sh,try,0,warm,0.4303483160001633,0,False,11478124,True
unixfun,11.sh,observe,0,cold,0.3462304229997244,0,False,11476599,True
unixfun,11.sh,observe,0,warm,0.27969022300021606,0,False,11476599,True
unixfun,11.sh,main,1,cold,0.22792815100001462,0,False,11473381,True
unixfun,11.sh,main,1,warm,0.14672887500091747,0,False,11473381,True
unixfun,11.sh,try,1,cold,1.93712575400059,0,False,11478124,True
unixfun,11.sh,try,1,warm,0.44656903599934594,0,False,11478124,True
unixfun,11.sh,observe,1,cold,0.32406769299996085,0,False,11476599,True
unixfun,11.sh,observe,1,warm,0.2941450050002459,0,False,11476599,True
unixfun,11.sh,bash,1,cold,0.10322447900034604,0,False,0,True
unixfun,11.sh,bash,1,warm,0.09285710899894184,0,False,0,True
unixfun,11.sh,try,2,cold,1.8913403829992603,0,False,11478124,True
unixfun,11.sh,try,2,warm,0.44122896999942895,0,False,11478124,True
unixfun,11.sh,observe,2,cold,0.3549881639992236,0,False,11476599,True
unixfun,11.sh,observe,2,warm,0.3474776379989635,0,False,11476599,True
unixfun,11.sh,bash,2,cold,0.0903375119996781,0,False,0,True
unixfun,11.sh,bash,2,warm,0.10217620700132102,0,False,0,True
unixfun,11.sh,main,2,cold,0.24815792700064776,0,False,11473381,True
unixfun,11.sh,main,2,warm,0.1593912510015798,0,False,11473381,True
unixfun,12.sh,bash,0,cold,0.21729227700052434,0,False,0,True
unixfun,12.sh,bash,0,warm,0.23251067000092007,0,False,0,True
unixfun,12.sh,main,0,cold,0.42110686500018346,0,False,15982269,True
unixfun,12.sh,main,0,warm,0.17777265000040643,0,False,15982269,False
unixfun,12.sh,try,0,cold,1.7756094039996242,0,False,15986968,True
unixfun,12.sh,try,0,warm,0.4506360599989421,0,False,15987558,True
unixfun,12.sh,observe,0,cold,0.5280804039994109,0,False,15986077,True
unixfun,12.sh,observe,0,warm,0.5130276010004309,0,False,15986077,True
unixfun,12.sh,main,1,cold,0.3851265820012486,0,False,15982269,True
unixfun,12.sh,main,1,warm,0.1843516239987366,0,False,15982269,False
unixfun,12.sh,try,1,cold,1.8882994479990884,0,False,15986968,True
unixfun,12.sh,try,1,warm,0.45870494799964945,0,False,15987558,True
unixfun,12.sh,observe,1,cold,0.584171028000128,0,False,15986077,True
unixfun,12.sh,observe,1,warm,0.543125718999363,0,False,15986077,True
unixfun,12.sh,bash,1,cold,0.42449284000031184,0,False,0,True
unixfun,12.sh,bash,1,warm,0.2731817799995042,0,False,0,True
unixfun,12.sh,try,2,cold,1.7266168850001122,0,False,15986968,True
unixfun,12.sh,try,2,warm,0.45138618999953906,0,False,15986968,True
unixfun,12.sh,observe,2,cold,0.5494231020002189,0,False,15986077,True
unixfun,12.sh,observe,2,warm,0.5211123370008863,0,False,15986077,True
unixfun,12.sh,bash,2,cold,0.20921685000030266,0,False,0,True
unixfun,12.sh,bash,2,warm,0.22412832400004845,0,False,0,True
unixfun,12.sh,main,2,cold,0.38056796499949996,0,False,15982269,True
unixfun,12.sh,main,2,warm,0.18208779700034938,0,False,15982269,False
unixfun,7.sh,bash,0,cold,0.07506896599988977,0,False,0,True
unixfun,7.sh,bash,0,warm,0.07083817800048564,0,False,0,True
unixfun,7.sh,main,0,cold,0.6176287329999468,0,False,10199793,True
unixfun,7.sh,main,0,warm,0.14058469799965678,0,False,10199793,False
unixfun,7.sh,try,0,cold,1.6895153490004304,0,False,10200840,True
unixfun,7.sh,try,0,warm,0.19059538299916312,0,False,10200840,True
unixfun,7.sh,observe,0,cold,0.25313240499963285,0,False,10200548,True
unixfun,7.sh,observe,0,warm,0.15706166099880647,0,False,10200548,True
unixfun,7.sh,main,1,cold,0.5959032489990932,0,False,10199793,True
unixfun,7.sh,main,1,warm,0.14201915500052564,0,False,10199793,False
unixfun,7.sh,try,1,cold,0.8427163540000038,0,False,10200840,True
unixfun,7.sh,try,1,warm,0.1781867140016402,0,False,10200840,True
unixfun,7.sh,observe,1,cold,0.367604303999542,0,False,10200548,True
unixfun,7.sh,observe,1,warm,0.22507618500094395,0,False,10200548,True
unixfun,7.sh,bash,1,cold,0.07346288699955039,0,False,0,True
unixfun,7.sh,bash,1,warm,0.07424872900082846,0,False,0,True
unixfun,7.sh,try,2,cold,0.8782475300013175,0,False,10200840,True
unixfun,7.sh,try,2,warm,0.1823738900002354,0,False,10200840,True
unixfun,7.sh,observe,2,cold,0.2456283359988447,0,False,10200548,True
unixfun,7.sh,observe,2,warm,0.18228422199899796,0,False,10200548,True
unixfun,7.sh,bash,2,cold,0.07123182999930577,0,False,0,True
unixfun,7.sh,bash,2,warm,0.07495033600025636,0,False,0,True
unixfun,7.sh,main,2,cold,0.6539485350003815,0,False,10199793,True
unixfun,7.sh,main,2,warm,0.14072940799997014,0,False,10199793,False
unixfun,8.sh,bash,0,cold,0.04560719199980667,0,False,0,True
unixfun,8.sh,bash,0,warm,0.048597114999211044,0,False,0,True
unixfun,8.sh,main,0,cold,0.6229740409999067,0,False,9699574,True
unixfun,8.sh,main,0,warm,0.14398138399883464,0,False,9699574,False
unixfun,8.sh,try,0,cold,1.00606229999903,0,False,9701322,True
unixfun,8.sh,try,0,warm,0.28659129300103814,0,False,9701322,True
unixfun,8.sh,observe,0,cold,0.21374721200118074,0,False,9700898,True
unixfun,8.sh,observe,0,warm,0.1693787849999353,0,False,9700898,True
unixfun,8.sh,main,1,cold,0.5710444950000237,0,False,9699574,True
unixfun,8.sh,main,1,warm,0.1473937040009332,0,False,9699574,False
unixfun,8.sh,try,1,cold,1.4099032869999064,0,False,9701322,True
unixfun,8.sh,try,1,warm,0.23693996000110928,0,False,9701322,True
unixfun,8.sh,observe,1,cold,0.21679225399930147,0,False,9700898,True
unixfun,8.sh,observe,1,warm,0.16025495100075204,0,False,9700898,True
unixfun,8.sh,bash,1,cold,0.10685323100005917,0,False,0,True
unixfun,8.sh,bash,1,warm,0.04861310099840921,0,False,0,True
unixfun,8.sh,try,2,cold,1.0233112879996042,0,False,9701322,True
unixfun,8.sh,try,2,warm,0.21795565700085717,0,False,9701322,True
unixfun,8.sh,observe,2,cold,0.20807793399944785,0,False,9700898,True
unixfun,8.sh,observe,2,warm,0.1512626639996597,0,False,9700898,True
unixfun,8.sh,bash,2,cold,0.048371667000537855,0,False,0,True
unixfun,8.sh,bash,2,warm,0.05102518199964834,0,False,0,True
unixfun,8.sh,main,2,cold,0.6522217849997105,0,False,9699574,True
unixfun,8.sh,main,2,warm,0.1533068729986553,0,False,9699574,False
unixfun,9.sh,bash,0,cold,0.047675726000306895,0,False,0,True
unixfun,9.sh,bash,0,warm,0.04693882699939422,0,False,0,True
unixfun,9.sh,main,0,cold,0.6171146800006682,0,False,10735247,True
unixfun,9.sh,main,0,warm,0.14301909700043325,0,False,10735247,False
unixfun,9.sh,try,0,cold,1.5176880200015148,0,False,10738254,True
unixfun,9.sh,try,0,warm,0.2978064179987996,0,False,10738254,True
unixfun,9.sh,observe,0,cold,0.23573866799961252,0,False,10737538,True
unixfun,9.sh,observe,0,warm,0.1835160939990601,0,False,10737538,True
unixfun,9.sh,main,1,cold,0.5737410380006622,0,False,10735247,True
unixfun,9.sh,main,1,warm,0.14526209500036202,0,False,10735247,False
unixfun,9.sh,try,1,cold,1.4491727870008617,0,False,10738254,True
unixfun,9.sh,try,1,warm,0.2763481040001352,0,False,10738254,True
unixfun,9.sh,observe,1,cold,0.22688287100027082,0,False,10737538,True
unixfun,9.sh,observe,1,warm,0.20174126700112538,0,False,10737538,True
unixfun,9.sh,bash,1,cold,0.04743890999998257,0,False,0,True
unixfun,9.sh,bash,1,warm,0.05090386399933777,0,False,0,True
unixfun,9.sh,try,2,cold,1.8664926910005306,0,False,10738254,True
unixfun,9.sh,try,2,warm,0.3723291969999991,0,False,10738254,True
unixfun,9.sh,observe,2,cold,0.32672463200105994,0,False,10737538,True
unixfun,9.sh,observe,2,warm,0.19113169999945967,0,False,10737538,True
unixfun,9.sh,bash,2,cold,0.048344107999582775,0,False,0,True
unixfun,9.sh,bash,2,warm,0.04904072899989842,0,False,0,True
unixfun,9.sh,main,2,cold,0.6408398399998987,0,False,10735247,True
unixfun,9.sh,main,2,warm,0.14206462500078487,0,False,10735247,False
weather,temp-analytics-1.sh,bash,0,cold,0.005211064999457449,0,False,0,True
weather,temp-analytics-1.sh,bash,0,warm,0.005412180998973781,0,False,0,True
weather,temp-analytics-1.sh,main,0,cold,0.13312725700052397,0,False,626,True
weather,temp-analytics-1.sh,main,0,warm,0.17419044499911251,0,False,626,True
weather,temp-analytics-1.sh,try,0,cold,1.4124220880003122,0,False,2181,True
weather,temp-analytics-1.sh,try,0,warm,0.2516797980006231,0,False,2766,True
weather,temp-analytics-1.sh,observe,0,cold,0.21456824600136315,0,False,2154,True
weather,temp-analytics-1.sh,observe,0,warm,0.13618619600129023,0,False,2154,True
weather,temp-analytics-1.sh,main,1,cold,0.1367188830008672,0,False,626,True
weather,temp-analytics-1.sh,main,1,warm,0.15004242099894327,0,False,626,True
weather,temp-analytics-1.sh,try,1,cold,0.9946056150001823,0,False,2181,True
weather,temp-analytics-1.sh,try,1,warm,0.1894429370004218,0,False,2766,True
weather,temp-analytics-1.sh,observe,1,cold,0.14931674899889913,0,False,2154,True
weather,temp-analytics-1.sh,observe,1,warm,0.13346438799999305,0,False,2154,True
weather,temp-analytics-1.sh,bash,1,cold,0.007991709000634728,0,False,0,True
weather,temp-analytics-1.sh,bash,1,warm,0.0060154610000608955,0,False,0,True
weather,temp-analytics-1.sh,try,2,cold,0.9646775719993457,0,False,2181,True
weather,temp-analytics-1.sh,try,2,warm,0.17963935200168635,0,False,2766,True
weather,temp-analytics-1.sh,observe,2,cold,0.29352484099945286,0,False,2154,True
weather,temp-analytics-1.sh,observe,2,warm,0.21039464299974497,0,False,2154,True
weather,temp-analytics-1.sh,bash,2,cold,0.004549503999442095,0,False,0,True
weather,temp-analytics-1.sh,bash,2,warm,0.008499024001139333,0,False,0,True
weather,temp-analytics-1.sh,main,2,cold,0.14096308599982876,0,False,626,True
weather,temp-analytics-1.sh,main,2,warm,0.13264991200048826,0,False,626,True
weather,temp-analytics-2.sh,bash,0,cold,0.0075353510001150426,0,False,0,True
weather,temp-analytics-2.sh,bash,0,warm,0.009807350999835762,0,False,0,True
weather,temp-analytics-2.sh,main,0,cold,0.14555545399889525,0,False,1010,True
weather,temp-analytics-2.sh,main,0,warm,0.21546110199960822,0,False,1010,False
weather,temp-analytics-2.sh,try,0,cold,1.4018589989991597,0,False,2861,True
weather,temp-analytics-2.sh,try,0,warm,0.261651755999992,0,False,4031,True
weather,temp-analytics-2.sh,observe,0,cold,0.195684092999727,0,False,3099,True
weather,temp-analytics-2.sh,observe,0,warm,0.19758198999988963,0,False,3099,True
weather,temp-analytics-2.sh,main,1,cold,0.21403748099874065,0,False,1010,True
weather,temp-analytics-2.sh,main,1,warm,0.14273884000067483,0,False,1010,False
weather,temp-analytics-2.sh,try,1,cold,1.4561151819998486,0,False,2861,True
weather,temp-analytics-2.sh,try,1,warm,0.3172103529996093,0,False,4031,True
weather,temp-analytics-2.sh,observe,1,cold,0.16358182099975238,0,False,3099,True
weather,temp-analytics-2.sh,observe,1,warm,0.15338358999906632,0,False,3099,True
weather,temp-analytics-2.sh,bash,1,cold,0.012584073998368694,0,False,0,True
weather,temp-analytics-2.sh,bash,1,warm,0.010919386999376002,0,False,0,True
weather,temp-analytics-2.sh,try,2,cold,1.3279793949986924,0,False,2861,True
weather,temp-analytics-2.sh,try,2,warm,0.2230625409993081,0,False,4031,True
weather,temp-analytics-2.sh,observe,2,cold,0.15404130200113286,0,False,3099,True
weather,temp-analytics-2.sh,observe,2,warm,0.23290342099971895,0,False,3099,True
weather,temp-analytics-2.sh,bash,2,cold,0.006729452999934438,0,False,0,True
weather,temp-analytics-2.sh,bash,2,warm,0.01241073100027279,0,False,0,True
weather,temp-analytics-2.sh,main,2,cold,0.16656328000135545,0,False,1010,True
weather,temp-analytics-2.sh,main,2,warm,0.1367875849991833,0,False,1010,False
weather,temp-analytics-3.sh,bash,0,cold,0.01776598499964166,0,False,0,True
weather,temp-analytics-3.sh,bash,0,warm,0.012933033000081195,0,False,0,True
weather,temp-analytics-3.sh,main,0,cold,0.1552386570001545,0,False,2066,True
weather,temp-analytics-3.sh,main,0,warm,0.14457246300116822,0,False,2066,True
weather,temp-analytics-3.sh,try,0,cold,2.0404457740005455,0,False,4296,True
weather,temp-analytics-3.sh,try,0,warm,0.3140376200008177,0,False,5466,True
weather,temp-analytics-3.sh,observe,0,cold,0.2037562830009847,0,False,4558,True
weather,temp-analytics-3.sh,observe,0,warm,0.16845890500007954,0,False,4558,True
weather,temp-analytics-3.sh,main,1,cold,0.2236945230015408,0,False,2066,True
weather,temp-analytics-3.sh,main,1,warm,0.21072131699838792,0,False,2066,True
weather,temp-analytics-3.sh,try,1,cold,1.8726018320012372,0,False,4296,True
weather,temp-analytics-3.sh,try,1,warm,0.3824862870005745,0,False,5466,True
weather,temp-analytics-3.sh,observe,1,cold,0.23124452299998666,0,False,4558,True
weather,temp-analytics-3.sh,observe,1,warm,0.1512451010003133,0,False,4558,True
weather,temp-analytics-3.sh,bash,1,cold,0.016107625000586268,0,False,0,True
weather,temp-analytics-3.sh,bash,1,warm,0.018429075000312878,0,False,0,True
weather,temp-analytics-3.sh,try,2,cold,1.9142452589985623,0,False,4296,True
weather,temp-analytics-3.sh,try,2,warm,0.33666124800038233,0,False,5466,True
weather,temp-analytics-3.sh,observe,2,cold,0.1733315980000043,0,False,4558,True
weather,temp-analytics-3.sh,observe,2,warm,0.26468378599929565,0,False,4558,True
weather,temp-analytics-3.sh,bash,2,cold,0.009000584001114476,0,False,0,True
weather,temp-analytics-3.sh,bash,2,warm,0.0178602089999913,0,False,0,True
weather,temp-analytics-3.sh,main,2,cold,0.16926633100047184,0,False,2066,True
weather,temp-analytics-3.sh,main,2,warm,0.14173374400161265,0,False,2066,False
weather,tuft-weather-1.sh,bash,0,cold,0.019683031001477502,0,False,0,True
weather,tuft-weather-1.sh,bash,0,warm,0.02207554800042999,0,False,0,True
weather,tuft-weather-1.sh,main,0,cold,0.16899756299972069,0,False,42733,True
weather,tuft-weather-1.sh,main,0,warm,0.14819865500066953,0,False,42733,False
weather,tuft-weather-1.sh,try,0,cold,1.7529470379995473,0,False,46709,True
weather,tuft-weather-1.sh,try,0,warm,0.3736615689995233,0,False,46709,True
weather,tuft-weather-1.sh,observe,0,cold,0.23240604700004042,0,False,45527,True
weather,tuft-weather-1.sh,observe,0,warm,0.16544790099942475,0,False,45527,True
weather,tuft-weather-1.sh,main,1,cold,0.17109570699903998,0,False,42733,True
weather,tuft-weather-1.sh,main,1,warm,0.203728496999247,0,False,42733,True
weather,tuft-weather-1.sh,try,1,cold,1.6610105359995941,0,False,46709,True
weather,tuft-weather-1.sh,try,1,warm,0.2520699090000562,0,False,46709,True
weather,tuft-weather-1.sh,observe,1,cold,0.18412928100042336,0,False,45527,True
weather,tuft-weather-1.sh,observe,1,warm,0.22253332199943543,0,False,45527,True
weather,tuft-weather-1.sh,bash,1,cold,0.015310873000998981,0,False,0,True
weather,tuft-weather-1.sh,bash,1,warm,0.024070579998806352,0,False,0,True
weather,tuft-weather-1.sh,try,2,cold,1.7791875070015521,0,False,46709,True
weather,tuft-weather-1.sh,try,2,warm,0.23057041500032938,0,False,46709,True
weather,tuft-weather-1.sh,observe,2,cold,0.18045490899930883,0,False,45527,True
weather,tuft-weather-1.sh,observe,2,warm,0.15072409200001857,0,False,45527,True
weather,tuft-weather-1.sh,bash,2,cold,0.021523974999581696,0,False,0,True
weather,tuft-weather-1.sh,bash,2,warm,0.017899610998938442,0,False,0,True
weather,tuft-weather-1.sh,main,2,cold,0.15891037599976698,0,False,42733,True
weather,tuft-weather-1.sh,main,2,warm,0.1432936660003179,0,False,42733,False
weather,tuft-weather-2.sh,bash,0,cold,0.02764818299874605,0,False,0,True
weather,tuft-weather-2.sh,bash,0,warm,0.028157892000308493,0,False,0,True
weather,tuft-weather-2.sh,main,0,cold,0.24567725300039456,0,False,64061,True
weather,tuft-weather-2.sh,main,0,warm,0.1748203739989549,0,False,64061,False
weather,tuft-weather-2.sh,try,0,cold,2.4013157910012524,0,False,68975,True
weather,tuft-weather-2.sh,try,0,warm,0.29305604100045457,0,False,68975,True
weather,tuft-weather-2.sh,observe,0,cold,0.20971389599981194,0,False,67657,True
weather,tuft-weather-2.sh,observe,0,warm,0.18978080499982752,0,False,67657,True
weather,tuft-weather-2.sh,main,1,cold,0.24408450199916842,0,False,64061,True
weather,tuft-weather-2.sh,main,1,warm,0.18082702799983963,0,False,64061,True
weather,tuft-weather-2.sh,try,1,cold,2.397947748000661,0,False,68975,True
weather,tuft-weather-2.sh,try,1,warm,0.31107502299892076,0,False,68975,True
weather,tuft-weather-2.sh,observe,1,cold,0.23118938399966282,0,False,67657,True
weather,tuft-weather-2.sh,observe,1,warm,0.16351676399972348,0,False,67657,True
weather,tuft-weather-2.sh,bash,1,cold,0.018315544000870432,0,False,0,True
weather,tuft-weather-2.sh,bash,1,warm,0.03468427400002838,0,False,0,True
weather,tuft-weather-2.sh,try,2,cold,2.322158806000516,0,False,68975,True
weather,tuft-weather-2.sh,try,2,warm,0.30202529999951366,0,False,68975,True
weather,tuft-weather-2.sh,observe,2,cold,0.21310721299960278,0,False,67657,True
weather,tuft-weather-2.sh,observe,2,warm,0.1924223100013478,0,False,67657,True
weather,tuft-weather-2.sh,bash,2,cold,0.019871138998496463,0,False,0,True
weather,tuft-weather-2.sh,bash,2,warm,0.028833901000325568,0,False,0,True
weather,tuft-weather-2.sh,main,2,cold,0.19691880800019135,0,False,64061,True
weather,tuft-weather-2.sh,main,2,warm,0.15700549299981503,0,False,64061,True
weather,tuft-weather-3.sh,bash,0,cold,7.068040187999941,0,False,0,True
weather,tuft-weather-3.sh,bash,0,warm,6.555512405000627,0,False,0,True
weather,tuft-weather-3.sh,main,0,cold,13.071103685000708,0,False,649807,True
weather,tuft-weather-3.sh,main,0,warm,0.49389833900022495,0,False,649807,False
weather,tuft-weather-3.sh,try,0,cold,17.482316166999226,0,False,682830,True
weather,tuft-weather-3.sh,try,0,warm,14.391503676999491,0,False,682830,True
weather,tuft-weather-3.sh,observe,0,cold,10.034563989000162,0,False,688209,True
weather,tuft-weather-3.sh,observe,0,warm,10.043471709999721,0,False,688209,True
weather,tuft-weather-3.sh,main,1,cold,12.570492107000973,0,False,649807,True
weather,tuft-weather-3.sh,main,1,warm,0.4826473899993289,0,False,649807,False
weather,tuft-weather-3.sh,try,1,cold,17.3184556289998,0,False,682830,True
weather,tuft-weather-3.sh,try,1,warm,13.95208636300049,0,False,682830,True
weather,tuft-weather-3.sh,observe,1,cold,10.096635055000661,0,False,688209,True
weather,tuft-weather-3.sh,observe,1,warm,9.926934228999016,0,False,688209,True
weather,tuft-weather-3.sh,bash,1,cold,6.997414575000221,0,False,0,True
weather,tuft-weather-3.sh,bash,1,warm,6.77144311200027,0,False,0,True
weather,tuft-weather-3.sh,try,2,cold,17.372042450000663,0,False,682830,True
weather,tuft-weather-3.sh,try,2,warm,14.043554607998885,0,False,682830,True
weather,tuft-weather-3.sh,observe,2,cold,9.96194494700103,0,False,688209,True
weather,tuft-weather-3.sh,observe,2,warm,10.199872060999041,0,False,688209,True
weather,tuft-weather-3.sh,bash,2,cold,7.088195428999825,0,False,0,True
weather,tuft-weather-3.sh,bash,2,warm,6.898165948001406,0,False,0,True
weather,tuft-weather-3.sh,main,2,cold,12.402661910000461,0,False,649807,True
weather,tuft-weather-3.sh,main,2,warm,0.4941341489993647,0,False,649807,False
word-freq,top-n.sh,bash,0,cold,1.5990488799998275,0,False,0,True
word-freq,top-n.sh,bash,0,warm,1.4426052369999525,0,False,0,True
word-freq,top-n.sh,main,0,cold,1.21419195999988,0,False,39633264,True
word-freq,top-n.sh,main,0,warm,0.19670563799991214,0,False,39648279,False
word-freq,top-n.sh,try,0,cold,2.384674303000793,0,False,39638622,True
word-freq,top-n.sh,try,0,warm,0.6793282099988573,0,False,39654088,True
word-freq,top-n.sh,observe,0,cold,1.4671350049993634,0,False,39637751,True
word-freq,top-n.sh,observe,0,warm,1.3763528800009226,0,False,39653015,True
word-freq,top-n.sh,main,1,cold,1.0887207630003104,0,False,39633264,True
word-freq,top-n.sh,main,1,warm,0.1936447899988707,0,False,39648279,False
word-freq,top-n.sh,try,1,cold,2.334232773000622,0,False,39638622,True
word-freq,top-n.sh,try,1,warm,0.644532991998858,0,False,39654088,True
word-freq,top-n.sh,observe,1,cold,1.4970352359996468,0,False,39637751,True
word-freq,top-n.sh,observe,1,warm,1.3815589839996392,0,False,39653015,True
word-freq,top-n.sh,bash,1,cold,1.5079517610010953,0,False,0,True
word-freq,top-n.sh,bash,1,warm,1.565676963999067,0,False,0,True
word-freq,top-n.sh,try,2,cold,2.8083026290005364,0,False,39638622,True
word-freq,top-n.sh,try,2,warm,0.7349733259998175,0,False,39654088,True
word-freq,top-n.sh,observe,2,cold,1.5070491090009455,0,False,39637751,True
word-freq,top-n.sh,observe,2,warm,1.1943224209990149,0,False,39653015,True
word-freq,top-n.sh,bash,2,cold,1.5927004740005941,0,False,0,True
word-freq,top-n.sh,bash,2,warm,1.7550770220004779,0,False,0,True
word-freq,top-n.sh,main,2,cold,1.0597728430002462,0,False,39648279,True
word-freq,top-n.sh,main,2,warm,0.18594547599968791,0,False,39663294,False
word-freq,wf.sh,bash,0,cold,1.5350213229994552,0,False,0,True
word-freq,wf.sh,bash,0,warm,1.7240929620002134,0,False,0,True
word-freq,wf.sh,main,0,cold,1.0798767229989608,0,False,39633264,True
word-freq,wf.sh,main,0,warm,0.19215545800034306,0,False,39633264,False
word-freq,wf.sh,try,0,cold,2.276112325000213,0,False,39638622,True
word-freq,wf.sh,try,0,warm,0.40322558299885713,0,False,39638622,True
word-freq,wf.sh,observe,0,cold,1.2826400119993195,0,False,39637751,True
word-freq,wf.sh,observe,0,warm,1.4182852789999743,0,False,39637751,True
word-freq,wf.sh,main,1,cold,1.076313654999467,0,False,39633264,True
word-freq,wf.sh,main,1,warm,0.16872270600106276,0,False,39633264,False
word-freq,wf.sh,try,1,cold,2.2923058350006613,0,False,39638622,True
word-freq,wf.sh,try,1,warm,0.35896280700035277,0,False,39638622,True
word-freq,wf.sh,observe,1,cold,1.5278357040006085,0,False,39637751,True
word-freq,wf.sh,observe,1,warm,1.4141979730011371,0,False,39637751,True
word-freq,wf.sh,bash,1,cold,1.6909893040010502,0,False,0,True
word-freq,wf.sh,bash,1,warm,1.6706454870000016,0,False,0,True
word-freq,wf.sh,try,2,cold,2.139267160999225,0,False,39638622,True
word-freq,wf.sh,try,2,warm,0.38745556799949554,0,False,39638622,True
word-freq,wf.sh,observe,2,cold,1.4185602079996897,0,False,39637751,True
word-freq,wf.sh,observe,2,warm,1.4014985999983764,0,False,39637751,True
word-freq,wf.sh,bash,2,cold,1.491374225999607,0,False,0,True
word-freq,wf.sh,bash,2,warm,1.5730372389989498,0,False,0,True
word-freq,wf.sh,main,2,cold,1.067159170001105,0,False,39633264,True
word-freq,wf.sh,main,2,warm,0.18766728000082367,0,False,39633264,False
web-search,engine.sh,bash,0,cold,0.9900340909989609,0,False,0,True
web-search,engine.sh,bash,0,warm,1.0003896759990312,0,False,0,True
web-search,engine.sh,main,0,cold,5.41450406399963,0,False,376935,True
web-search,engine.sh,main,0,warm,0.9524393960000452,0,False,376935,False
web-search,engine.sh,try,0,cold,1.5162179970011493,0,False,2013,True
web-search,engine.sh,try,0,warm,1.07942504499988,0,False,2013,True
web-search,engine.sh,observe,0,cold,1.1490384520002408,0,False,1156,True
web-search,engine.sh,observe,0,warm,1.1543889549993764,0,False,1156,True
web-search,engine.sh,main,1,cold,5.058385681999425,0,False,376935,True
web-search,engine.sh,main,1,warm,0.8928874890007137,0,False,376935,False
web-search,engine.sh,try,1,cold,1.4857647360004194,0,False,2013,True
web-search,engine.sh,try,1,warm,1.128631879999375,0,False,2013,True
web-search,engine.sh,observe,1,cold,1.179907796000407,0,False,1156,True
web-search,engine.sh,observe,1,warm,1.1320161749990802,0,False,1156,True
web-search,engine.sh,bash,1,cold,1.0248098920001212,0,False,0,True
web-search,engine.sh,bash,1,warm,1.0495673050008918,0,False,0,True
web-search,engine.sh,try,2,cold,1.5572514939995017,0,False,2013,True
web-search,engine.sh,try,2,warm,0.9656040429999848,0,False,2013,True
web-search,engine.sh,observe,2,cold,1.0166999789998954,0,False,1156,True
web-search,engine.sh,observe,2,warm,1.0770557289997669,0,False,1156,True
web-search,engine.sh,bash,2,cold,0.9045561580005597,0,False,0,True
web-search,engine.sh,bash,2,warm,0.8653678520004178,0,False,0,True
web-search,engine.sh,main,2,cold,5.647653993999484,0,False,376935,True
web-search,engine.sh,main,2,warm,0.947176560999651,0,False,376935,False
