benchmark,script,mode,repetition,phase,elapsed_sec,returncode,timeout,cache_bytes,effect_policy,valid
beginner,beginner-01.sh,bash,0,cold,0.00886070100023062,0,False,0,,True
beginner,beginner-01.sh,bash,0,warm,0.0071644279996689875,0,False,0,,True
beginner,beginner-01.sh,main,0,cold,0.1663897079997696,0,False,80975,,True
beginner,beginner-01.sh,main,0,warm,0.12902283900257316,0,False,80975,,True
beginner,beginner-01.sh,try,0,cold,0.5130700249974325,0,False,81822,,True
beginner,beginner-01.sh,try,0,warm,0.2360886919996119,0,False,81822,,True
beginner,beginner-01.sh,observe,0,cold,0.13556246300140629,0,False,81374,final,True
beginner,beginner-01.sh,observe,0,warm,0.13441739500194672,0,False,81374,final,True
beginner,beginner-01.sh,main,1,cold,0.1233352349991037,0,False,80975,,True
beginner,beginner-01.sh,main,1,warm,0.12745447799898102,0,False,80975,,True
beginner,beginner-01.sh,try,1,cold,0.6012434149997716,0,False,81822,,True
beginner,beginner-01.sh,try,1,warm,0.1562025339990214,0,False,81822,,True
beginner,beginner-01.sh,observe,1,cold,0.20840070999838645,0,False,81374,final,True
beginner,beginner-01.sh,observe,1,warm,0.19610876299702795,0,False,81374,final,True
beginner,beginner-01.sh,bash,1,cold,0.009655942001700168,0,False,0,,True
beginner,beginner-01.sh,bash,1,warm,0.010801019001519307,0,False,0,,True
beginner,beginner-01.sh,try,2,cold,0.5870048630022211,0,False,81822,,True
beginner,beginner-01.sh,try,2,warm,0.22967369399702875,0,False,81822,,True
beginner,beginner-01.sh,observe,2,cold,0.13399814900185447,0,False,81374,final,True
beginner,beginner-01.sh,observe,2,warm,0.13647605100049987,0,False,81374,final,True
beginner,beginner-01.sh,bash,2,cold,0.007584859002236044,0,False,0,,True
beginner,beginner-01.sh,bash,2,warm,0.005531017002795124,0,False,0,,True
beginner,beginner-01.sh,main,2,cold,0.12766304099932313,0,False,80975,,True
beginner,beginner-01.sh,main,2,warm,0.1465922169991245,0,False,80975,,True
beginner,beginner-02.sh,bash,0,cold,0.008858291999786161,0,False,0,,True
beginner,beginner-02.sh,bash,0,warm,0.010022575999755645,0,False,0,,True
beginner,beginner-02.sh,main,0,cold,0.14348332599911373,0,False,80975,,True
beginner,beginner-02.sh,main,0,warm,0.1321861180003907,0,False,80975,,True
beginner,beginner-02.sh,try,0,cold,0.577999731998716,0,False,81822,,True
beginner,beginner-02.sh,try,0,warm,0.15122049899946433,0,False,81822,,True
beginner,beginner-02.sh,observe,0,cold,0.14791443699868978,0,False,81374,final,True
beginner,beginner-02.sh,observe,0,warm,0.12933732899909955,0,False,81374,final,True
beginner,beginner-02.sh,main,1,cold,0.126338065998425,0,False,80975,,True
beginner,beginner-02.sh,main,1,warm,0.12076313899888191,0,False,80975,,True
beginner,beginner-02.sh,try,1,cold,0.540250580997963,0,False,81822,,True
beginner,beginner-02.sh,try,1,warm,0.14738447799754795,0,False,81822,,True
beginner,beginner-02.sh,observe,1,cold,0.14632679400165216,0,False,81374,final,True
beginner,beginner-02.sh,observe,1,warm,0.1667876179999439,0,False,81374,final,True
beginner,beginner-02.sh,bash,1,cold,0.006706113999825902,0,False,0,,True
beginner,beginner-02.sh,bash,1,warm,0.008321661000081804,0,False,0,,True
beginner,beginner-02.sh,try,2,cold,0.6208314119976421,0,False,81822,,True
beginner,beginner-02.sh,try,2,warm,0.234827520998806,0,False,81822,,True
beginner,beginner-02.sh,observe,2,cold,0.13372259099924122,0,False,81374,final,True
beginner,beginner-02.sh,observe,2,warm,0.1318178910005372,0,False,81374,final,True
beginner,beginner-02.sh,bash,2,cold,0.009260275997803546,0,False,0,,True
beginner,beginner-02.sh,bash,2,warm,0.0068266680027591065,0,False,0,,True
beginner,beginner-02.sh,main,2,cold,0.13334019399917452,0,False,80975,,True
beginner,beginner-02.sh,main,2,warm,0.12839459599854308,0,False,80975,,True
beginner,beginner-03.sh,bash,0,cold,0.00992884600054822,0,False,0,,True
beginner,beginner-03.sh,bash,0,warm,0.00873388000036357,0,False,0,,True
beginner,beginner-03.sh,main,0,cold,0.1319215030016494,0,False,161622,,True
beginner,beginner-03.sh,main,0,warm,0.12953219799965154,0,False,161622,,True
beginner,beginner-03.sh,try,0,cold,0.53980581200085,0,False,162493,,True
beginner,beginner-03.sh,try,0,warm,0.24267429799874662,0,False,162493,,True
beginner,beginner-03.sh,observe,0,cold,0.13848951999898418,0,False,162045,final,True
beginner,beginner-03.sh,observe,0,warm,0.14519063500119955,0,False,162045,final,True
beginner,beginner-03.sh,main,1,cold,0.13244852400021045,0,False,161622,,True
beginner,beginner-03.sh,main,1,warm,0.1520087919998332,0,False,161622,,True
beginner,beginner-03.sh,try,1,cold,0.6072425979982654,0,False,162493,,True
beginner,beginner-03.sh,try,1,warm,0.16577246899760212,0,False,162493,,True
beginner,beginner-03.sh,observe,1,cold,0.16706768099902547,0,False,162045,final,True
beginner,beginner-03.sh,observe,1,warm,0.139346222000313,0,False,162045,final,True
beginner,beginner-03.sh,bash,1,cold,0.00874603300326271,0,False,0,,True
beginner,beginner-03.sh,bash,1,warm,0.008458162999886554,0,False,0,,True
beginner,beginner-03.sh,try,2,cold,0.6505025900005421,0,False,162493,,True
beginner,beginner-03.sh,try,2,warm,0.18540353999924264,0,False,162493,,True
beginner,beginner-03.sh,observe,2,cold,0.14053192299979855,0,False,162045,final,True
beginner,beginner-03.sh,observe,2,warm,0.14117871499911416,0,False,162045,final,True
beginner,beginner-03.sh,bash,2,cold,0.0075114889987162314,0,False,0,,True
beginner,beginner-03.sh,bash,2,warm,0.007003299000643892,0,False,0,,True
beginner,beginner-03.sh,main,2,cold,0.12833563499953016,0,False,161622,,True
beginner,beginner-03.sh,main,2,warm,0.1535203690000344,0,False,161622,,True
beginner,beginner-04.sh,bash,0,cold,0.005975489999400452,0,False,0,,True
beginner,beginner-04.sh,bash,0,warm,0.005671962000633357,0,False,0,,True
beginner,beginner-04.sh,main,0,cold,0.13067923199923825,0,False,162945,,True
beginner,beginner-04.sh,main,0,warm,0.12866327699885005,0,False,162945,,True
beginner,beginner-04.sh,try,0,cold,0.8155498590022034,0,False,164869,,True
beginner,beginner-04.sh,try,0,warm,0.1789225760003319,0,False,164869,,True
beginner,beginner-04.sh,observe,0,cold,0.17451724999773433,0,False,163973,final,True
beginner,beginner-04.sh,observe,0,warm,0.1799615370000538,0,False,163973,final,True
beginner,beginner-04.sh,main,1,cold,0.16298225699938484,0,False,162945,,True
beginner,beginner-04.sh,main,1,warm,0.14261546800116776,0,False,162945,,True
beginner,beginner-04.sh,try,1,cold,0.7084752250011661,0,False,164869,,True
beginner,beginner-04.sh,try,1,warm,0.28188482399855275,0,False,164869,,True
beginner,beginner-04.sh,observe,1,cold,0.21059321299981093,0,False,163973,final,True
beginner,beginner-04.sh,observe,1,warm,0.16959057900021435,0,False,163973,final,True
beginner,beginner-04.sh,bash,1,cold,0.010062669000035385,0,False,0,,True
beginner,beginner-04.sh,bash,1,warm,0.009213239998643985,0,False,0,,True
beginner,beginner-04.sh,try,2,cold,0.7679830769993714,0,False,164869,,True
beginner,beginner-04.sh,try,2,warm,0.17517073400085792,0,False,164869,,True
beginner,beginner-04.sh,observe,2,cold,0.15043438100110507,0,False,163973,final,True
beginner,beginner-04.sh,observe,2,warm,0.13169465299870353,0,False,163973,final,True
beginner,beginner-04.sh,bash,2,cold,0.00725466900257743,0,False,0,,True
beginner,beginner-04.sh,bash,2,warm,0.011369451000064146,0,False,0,,True
beginner,beginner-04.sh,main,2,cold,0.1851480690020253,0,False,162945,,True
beginner,beginner-04.sh,main,2,warm,0.20049092499903054,0,False,162945,,True
beginner,beginner-05.sh,bash,0,cold,0.007521652001742041,0,False,0,,True
beginner,beginner-05.sh,bash,0,warm,0.007093953998264624,0,False,0,,True
beginner,beginner-05.sh,main,0,cold,0.13995648200216237,0,False,162945,,True
beginner,beginner-05.sh,main,0,warm,0.13292308599920943,0,False,162945,,True
beginner,beginner-05.sh,try,0,cold,0.9628921959993022,0,False,164869,,True
beginner,beginner-05.sh,try,0,warm,0.1608127199979208,0,False,164869,,True
beginner,beginner-05.sh,observe,0,cold,0.1482955409992428,0,False,163973,final,True
beginner,beginner-05.sh,observe,0,warm,0.13524953399974038,0,False,163973,final,True
beginner,beginner-05.sh,main,1,cold,0.1543166339979507,0,False,162945,,True
beginner,beginner-05.sh,main,1,warm,0.12638204599716119,0,False,162945,,True
beginner,beginner-05.sh,try,1,cold,0.7649348560007638,0,False,164869,,True
beginner,beginner-05.sh,try,1,warm,0.22868510899934336,0,False,164869,,True
beginner,beginner-05.sh,observe,1,cold,0.15462495400061016,0,False,163973,final,True
beginner,beginner-05.sh,observe,1,warm,0.1397593779984163,0,False,163973,final,True
beginner,beginner-05.sh,bash,1,cold,0.005752386998210568,0,False,0,,True
beginner,beginner-05.sh,bash,1,warm,0.005440414999611676,0,False,0,,True
beginner,beginner-05.sh,try,2,cold,0.8239153409995197,0,False,164869,,True
beginner,beginner-05.sh,try,2,warm,0.2732611840001482,0,False,164869,,True
beginner,beginner-05.sh,observe,2,cold,0.18266017700079829,0,False,163973,final,True
beginner,beginner-05.sh,observe,2,warm,0.1637891460013634,0,False,163973,final,True
beginner,beginner-05.sh,bash,2,cold,0.008077693000814179,0,False,0,,True
beginner,beginner-05.sh,bash,2,warm,0.005972479000774911,0,False,0,,True
beginner,beginner-05.sh,main,2,cold,0.14977939299933496,0,False,162945,,True
beginner,beginner-05.sh,main,2,warm,0.18651609399967128,0,False,162945,,True
beginner,beginner-06.sh,bash,0,cold,0.01007656100046006,0,False,0,,True
beginner,beginner-06.sh,bash,0,warm,0.009653107001213357,0,False,0,,True
beginner,beginner-06.sh,main,0,cold,0.541794729000685,0,False,163204,,True
beginner,beginner-06.sh,main,0,warm,0.15769606400135672,0,False,163204,,False
beginner,beginner-06.sh,try,0,cold,1.0493882740011031,0,False,165738,,True
beginner,beginner-06.sh,try,0,warm,0.17515499999717576,0,False,165738,,True
beginner,beginner-06.sh,observe,0,cold,0.2017989630003285,0,False,164394,final,True
beginner,beginner-06.sh,observe,0,warm,0.18827464599962696,0,False,164394,final,True
beginner,beginner-06.sh,main,1,cold,0.5837527349976881,0,False,163204,,True
beginner,beginner-06.sh,main,1,warm,0.17175570800100104,0,False,163204,,False
beginner,beginner-06.sh,try,1,cold,0.9198044539989496,0,False,165738,,True
beginner,beginner-06.sh,try,1,warm,0.19930693000060273,0,False,165738,,True
beginner,beginner-06.sh,observe,1,cold,0.14191762499831384,0,False,164394,final,True
beginner,beginner-06.sh,observe,1,warm,0.21128656499786302,0,False,164394,final,True
beginner,beginner-06.sh,bash,1,cold,0.006599795997317415,0,False,0,,True
beginner,beginner-06.sh,bash,1,warm,0.009254522999981418,0,False,0,,True
beginner,beginner-06.sh,try,2,cold,1.044508176997624,0,False,165738,,True
beginner,beginner-06.sh,try,2,warm,0.18137654900056077,0,False,165738,,True
beginner,beginner-06.sh,observe,2,cold,0.215379994999239,0,False,164394,final,True
beginner,beginner-06.sh,observe,2,warm,0.17595708100270713,0,False,164394,final,True
beginner,beginner-06.sh,bash,2,cold,0.012279715003387537,0,False,0,,True
beginner,beginner-06.sh,bash,2,warm,0.011365799000486732,0,False,0,,True
beginner,beginner-06.sh,main,2,cold,0.7511752909995266,0,False,163204,,True
beginner,beginner-06.sh,main,2,warm,0.13746113900197088,0,False,163204,,False
beginner,beginner-07.sh,bash,0,cold,0.010424084997794125,0,False,0,,True
beginner,beginner-07.sh,bash,0,warm,0.011791116998210782,0,False,0,,True
beginner,beginner-07.sh,main,0,cold,0.14332100500178058,0,False,161646,,True
beginner,beginner-07.sh,main,0,warm,0.15389997999955085,0,False,161646,,True
beginner,beginner-07.sh,try,0,cold,0.7493926600000123,0,False,163570,,True
beginner,beginner-07.sh,try,0,warm,0.23072437099835952,0,False,163570,,True
beginner,beginner-07.sh,observe,0,cold,0.13748106099956203,0,False,162674,final,True
beginner,beginner-07.sh,observe,0,warm,0.14307542399910744,0,False,162674,final,True
beginner,beginner-07.sh,main,1,cold,0.12674216099912883,0,False,161646,,True
beginner,beginner-07.sh,main,1,warm,0.12875414099835325,0,False,161646,,True
beginner,beginner-07.sh,try,1,cold,0.9274794909979391,0,False,163570,,True
beginner,beginner-07.sh,try,1,warm,0.1708483129987144,0,False,163570,,True
beginner,beginner-07.sh,observe,1,cold,0.19668441400062875,0,False,162674,final,True
beginner,beginner-07.sh,observe,1,warm,0.14613746899703983,0,False,162674,final,True
beginner,beginner-07.sh,bash,1,cold,0.006867846997920424,0,False,0,,True
beginner,beginner-07.sh,bash,1,warm,0.006915459001902491,0,False,0,,True
beginner,beginner-07.sh,try,2,cold,0.7987544690004142,0,False,163570,,True
beginner,beginner-07.sh,try,2,warm,0.1727586839988362,0,False,163570,,True
beginner,beginner-07.sh,observe,2,cold,0.2068722660005733,0,False,162674,final,True
beginner,beginner-07.sh,observe,2,warm,0.2091737769987958,0,False,162674,final,True
beginner,beginner-07.sh,bash,2,cold,0.008999564997793641,0,False,0,,True
beginner,beginner-07.sh,bash,2,warm,0.011464628998510307,0,False,0,,True
beginner,beginner-07.sh,main,2,cold,0.13995965600042837,0,False,161646,,True
beginner,beginner-07.sh,main,2,warm,0.12875118400188512,0,False,161646,,True
beginner,beginner-08.sh,bash,0,cold,0.009423233001143672,0,False,0,,True
beginner,beginner-08.sh,bash,0,warm,0.010816930000146385,0,False,0,,True
beginner,beginner-08.sh,main,0,cold,0.14335650199791417,0,False,162357,,True
beginner,beginner-08.sh,main,0,warm,0.16240877999734948,0,False,162357,,True
beginner,beginner-08.sh,try,0,cold,0.7277857619992574,0,False,164074,,True
beginner,beginner-08.sh,try,0,warm,0.19717591399967205,0,False,164074,,True
beginner,beginner-08.sh,observe,0,cold,0.21975518799808924,0,False,163178,final,True
beginner,beginner-08.sh,observe,0,warm,0.14680241899986868,0,False,163178,final,True
beginner,beginner-08.sh,main,1,cold,0.12773835400003009,0,False,162357,,True
beginner,beginner-08.sh,main,1,warm,0.13043966500117676,0,False,162357,,True
beginner,beginner-08.sh,try,1,cold,0.7503017140006705,0,False,164074,,True
beginner,beginner-08.sh,try,1,warm,0.17162160299994866,0,False,164074,,True
beginner,beginner-08.sh,observe,1,cold,0.20967583799938438,0,False,163178,final,True
beginner,beginner-08.sh,observe,1,warm,0.17962180199901923,0,False,163178,final,True
beginner,beginner-08.sh,bash,1,cold,0.009998256002290873,0,False,0,,True
beginner,beginner-08.sh,bash,1,warm,0.009792262000701157,0,False,0,,True
beginner,beginner-08.sh,try,2,cold,0.6956550489994697,0,False,164074,,True
beginner,beginner-08.sh,try,2,warm,0.1795528690017818,0,False,164074,,True
beginner,beginner-08.sh,observe,2,cold,0.20845667399771628,0,False,163178,final,True
beginner,beginner-08.sh,observe,2,warm,0.153588203000254,0,False,163178,final,True
beginner,beginner-08.sh,bash,2,cold,0.008182114001101581,0,False,0,,True
beginner,beginner-08.sh,bash,2,warm,0.005880874003196368,0,False,0,,True
beginner,beginner-08.sh,main,2,cold,0.1535411170007137,0,False,162357,,True
beginner,beginner-08.sh,main,2,warm,0.12618459499935852,0,False,162357,,True
beginner,beginner-09.sh,bash,0,cold,0.008215380999899935,0,False,0,,True
beginner,beginner-09.sh,bash,0,warm,0.005778995000582654,0,False,0,,True
beginner,beginner-09.sh,main,0,cold,0.14017948400214664,0,False,169854,,True
beginner,beginner-09.sh,main,0,warm,0.15830543999982183,0,False,169854,,True
beginner,beginner-09.sh,try,0,cold,0.7854557220016432,0,False,171571,,True
beginner,beginner-09.sh,try,0,warm,0.2293692530001863,0,False,171571,,True
beginner,beginner-09.sh,observe,0,cold,0.15182959500089055,0,False,170675,final,True
beginner,beginner-09.sh,observe,0,warm,0.13494607000029646,0,False,170675,final,True
beginner,beginner-09.sh,main,1,cold,0.14291109099940513,0,False,169854,,True
beginner,beginner-09.sh,main,1,warm,0.13585234799757018,0,False,169854,,True
beginner,beginner-09.sh,try,1,cold,0.7454545410000719,0,False,171571,,True
beginner,beginner-09.sh,try,1,warm,0.1780055050003284,0,False,171571,,True
beginner,beginner-09.sh,observe,1,cold,0.15013964800164104,0,False,170675,final,True
beginner,beginner-09.sh,observe,1,warm,0.13703359899955103,0,False,170675,final,True
beginner,beginner-09.sh,bash,1,cold,0.010715563999838196,0,False,0,,True
beginner,beginner-09.sh,bash,1,warm,0.011785639999288833,0,False,0,,True
beginner,beginner-09.sh,try,2,cold,0.8470380959988688,0,False,171571,,True
beginner,beginner-09.sh,try,2,warm,0.23144203400079277,0,False,171571,,True
beginner,beginner-09.sh,observe,2,cold,0.13169071599986637,0,False,170675,final,True
beginner,beginner-09.sh,observe,2,warm,0.21231406399965636,0,False,170675,final,True
beginner,beginner-09.sh,bash,2,cold,0.005540311001823284,0,False,0,,True
beginner,beginner-09.sh,bash,2,warm,0.009509416999208042,0,False,0,,True
beginner,beginner-09.sh,main,2,cold,0.2508473999987473,0,False,169854,,True
beginner,beginner-09.sh,main,2,warm,0.16195263800182147,0,False,169854,,True
beginner,beginner-10.sh,bash,0,cold,0.00723977800225839,0,False,0,,True
beginner,beginner-10.sh,bash,0,warm,0.012474843999370933,0,False,0,,True
beginner,beginner-10.sh,main,0,cold,0.1937016149968258,0,False,181455,,True
beginner,beginner-10.sh,main,0,warm,0.15960020100101246,0,False,181455,,True
beginner,beginner-10.sh,try,0,cold,0.9692280079980264,0,False,184043,,True
beginner,beginner-10.sh,try,0,warm,0.19208218000130728,0,False,184043,,True
beginner,beginner-10.sh,observe,0,cold,0.13813849100188236,0,False,182699,final,True
beginner,beginner-10.sh,observe,0,warm,0.20904838599744835,0,False,182699,final,True
beginner,beginner-10.sh,main,1,cold,0.12736117000167724,0,False,181455,,True
beginner,beginner-10.sh,main,1,warm,0.1720478289971652,0,False,181455,,True
beginner,beginner-10.sh,try,1,cold,0.9438147170003504,0,False,184043,,True
beginner,beginner-10.sh,try,1,warm,0.18910742400112213,0,False,184043,,True
beginner,beginner-10.sh,observe,1,cold,0.14425528599895188,0,False,182699,final,True
beginner,beginner-10.sh,observe,1,warm,0.18754658000034397,0,False,182699,final,True
beginner,beginner-10.sh,bash,1,cold,0.012877963999926578,0,False,0,,True
beginner,beginner-10.sh,bash,1,warm,0.010876623997319257,0,False,0,,True
beginner,beginner-10.sh,try,2,cold,0.9722479119991476,0,False,184043,,True
beginner,beginner-10.sh,try,2,warm,0.1990118479989178,0,False,184043,,True
beginner,beginner-10.sh,observe,2,cold,0.1661822830028541,0,False,182699,final,True
beginner,beginner-10.sh,observe,2,warm,0.16116829800012056,0,False,182699,final,True
beginner,beginner-10.sh,bash,2,cold,0.0065683819993864745,0,False,0,,True
beginner,beginner-10.sh,bash,2,warm,0.011045610001019668,0,False,0,,True
beginner,beginner-10.sh,main,2,cold,0.15174070400098572,0,False,181455,,True
beginner,beginner-10.sh,main,2,warm,0.15191155099819298,0,False,181455,,True
beginner,beginner-11.sh,bash,0,cold,0.011728195000614505,0,False,0,,True
beginner,beginner-11.sh,bash,0,warm,0.013334451003174763,0,False,0,,True
beginner,beginner-11.sh,main,0,cold,0.13982450800176593,0,False,184824,,True
beginner,beginner-11.sh,main,0,warm,0.13388371900146012,0,False,184824,,True
beginner,beginner-11.sh,try,0,cold,1.134385042998474,0,False,188259,,True
beginner,beginner-11.sh,try,0,warm,0.21223597599964705,0,False,188259,,True
beginner,beginner-11.sh,observe,0,cold,0.212630812999123,0,False,186467,final,True
beginner,beginner-11.sh,observe,0,warm,0.1430185880017234,0,False,186467,final,True
beginner,beginner-11.sh,main,1,cold,0.20090898299895343,0,False,184824,,True
beginner,beginner-11.sh,main,1,warm,0.13578918900020653,0,False,184824,,True
beginner,beginner-11.sh,try,1,cold,1.643297339000128,0,False,188259,,True
beginner,beginner-11.sh,try,1,warm,0.298620461999235,0,False,188259,,True
beginner,beginner-11.sh,observe,1,cold,0.15617123700212687,0,False,186467,final,True
beginner,beginner-11.sh,observe,1,warm,0.1339975119990413,0,False,186467,final,True
beginner,beginner-11.sh,bash,1,cold,0.005618904000584735,0,False,0,,True
beginner,beginner-11.sh,bash,1,warm,0.010718588000599993,0,False,0,,True
beginner,beginner-11.sh,try,2,cold,1.252658307999809,0,False,188259,,True
beginner,beginner-11.sh,try,2,warm,0.25476529099978507,0,False,188259,,True
beginner,beginner-11.sh,observe,2,cold,0.16867722399911145,0,False,186467,final,True
beginner,beginner-11.sh,observe,2,warm,0.21027819300070405,0,False,186467,final,True
beginner,beginner-11.sh,bash,2,cold,0.006071941999834962,0,False,0,,True
beginner,beginner-11.sh,bash,2,warm,0.005479029001435265,0,False,0,,True
beginner,beginner-11.sh,main,2,cold,0.1946855839996715,0,False,184824,,True
beginner,beginner-11.sh,main,2,warm,0.20042337799895904,0,False,184824,,True
beginner,beginner-12.sh,bash,0,cold,0.006308586001978256,0,False,0,,True
beginner,beginner-12.sh,bash,0,warm,0.00612358999933349,0,False,0,,True
beginner,beginner-12.sh,main,0,cold,0.20395163599823718,0,False,184824,,True
beginner,beginner-12.sh,main,0,warm,0.17351168300228892,0,False,184824,,True
beginner,beginner-12.sh,try,0,cold,1.2696223780003493,0,False,188259,,True
beginner,beginner-12.sh,try,0,warm,0.23358793500301545,0,False,188259,,True
beginner,beginner-12.sh,observe,0,cold,0.14667291899968404,0,False,186467,final,True
beginner,beginner-12.sh,observe,0,warm,0.14653411299877916,0,False,186467,final,True
beginner,beginner-12.sh,main,1,cold,0.1273293200029002,0,False,184824,,True
beginner,beginner-12.sh,main,1,warm,0.12711430499985,0,False,184824,,True
beginner,beginner-12.sh,try,1,cold,1.2234267659987381,0,False,188259,,True
beginner,beginner-12.sh,try,1,warm,0.2384974599990528,0,False,188259,,True
beginner,beginner-12.sh,observe,1,cold,0.14813679900180432,0,False,186467,final,True
beginner,beginner-12.sh,observe,1,warm,0.20836433099975693,0,False,186467,final,True
beginner,beginner-12.sh,bash,1,cold,0.006477081999037182,0,False,0,,True
beginner,beginner-12.sh,bash,1,warm,0.006241137001779862,0,False,0,,True
beginner,beginner-12.sh,try,2,cold,1.242955546000303,0,False,188259,,True
beginner,beginner-12.sh,try,2,warm,0.21111247199951322,0,False,188259,,True
beginner,beginner-12.sh,observe,2,cold,0.24243145799846388,0,False,186467,final,True
beginner,beginner-12.sh,observe,2,warm,0.1662019159994088,0,False,186467,final,True
beginner,beginner-12.sh,bash,2,cold,0.013076008999632904,0,False,0,,True
beginner,beginner-12.sh,bash,2,warm,0.0114332689990988,0,False,0,,True
beginner,beginner-12.sh,main,2,cold,0.20520963600210962,0,False,184824,,True
beginner,beginner-12.sh,main,2,warm,0.19957409000198822,0,False,184824,,True
beginner,beginner-13.sh,bash,0,cold,0.006641938001848757,0,False,0,,True
beginner,beginner-13.sh,bash,0,warm,0.005995168001390994,0,False,0,,True
beginner,beginner-13.sh,main,0,cold,0.1365529830000014,0,False,185392,,True
beginner,beginner-13.sh,main,0,warm,0.14089942800274002,0,False,185392,,False
beginner,beginner-13.sh,try,0,cold,1.232876481997664,0,False,188259,,True
beginner,beginner-13.sh,try,0,warm,0.2586578369991912,0,False,189437,,True
beginner,beginner-13.sh,observe,0,cold,0.1779576469998574,0,False,187197,final,True
beginner,beginner-13.sh,observe,0,warm,0.2051053370014415,0,False,187197,final,True
beginner,beginner-13.sh,main,1,cold,0.12767612300012843,0,False,185392,,True
beginner,beginner-13.sh,main,1,warm,0.2026698670015321,0,False,185392,,False
beginner,beginner-13.sh,try,1,cold,1.2676940750025096,0,False,188259,,True
beginner,beginner-13.sh,try,1,warm,0.236346293000679,0,False,189437,,True
beginner,beginner-13.sh,observe,1,cold,0.22713453199685318,0,False,187197,final,True
beginner,beginner-13.sh,observe,1,warm,0.2146800840018841,0,False,187197,final,True
beginner,beginner-13.sh,bash,1,cold,0.005726168998080539,0,False,0,,True
beginner,beginner-13.sh,bash,1,warm,0.006567284002812812,0,False,0,,True
beginner,beginner-13.sh,try,2,cold,1.2425662419991568,0,False,188259,,True
beginner,beginner-13.sh,try,2,warm,0.29345284100054414,0,False,189437,,True
beginner,beginner-13.sh,observe,2,cold,0.27013948499734397,0,False,187197,final,True
beginner,beginner-13.sh,observe,2,warm,0.19059247500263155,0,False,187197,final,True
beginner,beginner-13.sh,bash,2,cold,0.012673178000113694,0,False,0,,True
beginner,beginner-13.sh,bash,2,warm,0.012599018002219964,0,False,0,,True
beginner,beginner-13.sh,main,2,cold,0.16705163099686615,0,False,185392,,True
beginner,beginner-13.sh,main,2,warm,0.20237431599889533,0,False,185392,,False
beginner,beginner-14.sh,bash,0,cold,0.006046612001227913,0,False,0,,True
beginner,beginner-14.sh,bash,0,warm,0.005746693001128733,0,False,0,,True
beginner,beginner-14.sh,main,0,cold,0.20237364800050273,0,False,185392,,True
beginner,beginner-14.sh,main,0,warm,0.12790033900091657,0,False,185392,,False
beginner,beginner-14.sh,try,0,cold,1.2609426230010286,0,False,188259,,True
beginner,beginner-14.sh,try,0,warm,0.2241023149981629,0,False,189437,,True
beginner,beginner-14.sh,observe,0,cold,0.16087778699875344,0,False,187197,final,True
beginner,beginner-14.sh,observe,0,warm,0.14232196300145006,0,False,187197,final,True
beginner,beginner-14.sh,main,1,cold,0.20633949100010796,0,False,185392,,True
beginner,beginner-14.sh,main,1,warm,0.14205199299976812,0,False,185392,,False
beginner,beginner-14.sh,try,1,cold,1.1712964590005868,0,False,188259,,True
beginner,beginner-14.sh,try,1,warm,0.21840343499934534,0,False,189437,,True
beginner,beginner-14.sh,observe,1,cold,0.2565092500008177,0,False,187197,final,True
beginner,beginner-14.sh,observe,1,warm,0.2658088050011429,0,False,187197,final,True
beginner,beginner-14.sh,bash,1,cold,0.0059420190009404905,0,False,0,,True
beginner,beginner-14.sh,bash,1,warm,0.0059123589999217074,0,False,0,,True
beginner,beginner-14.sh,try,2,cold,1.2471109010002692,0,False,188259,,True
beginner,beginner-14.sh,try,2,warm,0.20944586799669196,0,False,189437,,True
beginner,beginner-14.sh,observe,2,cold,0.2639280500006862,0,False,187197,final,True
beginner,beginner-14.sh,observe,2,warm,0.1568747909986996,0,False,187197,final,True
beginner,beginner-14.sh,bash,2,cold,0.012914232000184711,0,False,0,,True
beginner,beginner-14.sh,bash,2,warm,0.011949750001804205,0,False,0,,True
beginner,beginner-14.sh,main,2,cold,0.23511583299841732,0,False,185392,,True
beginner,beginner-14.sh,main,2,warm,0.20144588300172472,0,False,185392,,True
bio,bio-1.sh,bash,0,cold,0.10163873399869772,0,False,0,,True
bio,bio-1.sh,bash,0,warm,0.07373899699814501,0,False,0,,True
bio,bio-1.sh,main,0,cold,1.5668208759998379,0,False,4233340,,True
bio,bio-1.sh,main,0,warm,0.3201941639999859,0,False,4233340,,False
bio,bio-1.sh,try,0,cold,1.9038011269985873,0,False,4242404,,True
bio,bio-1.sh,try,0,warm,1.300356137999188,0,False,4242404,,True
bio,bio-1.sh,observe,0,cold,0.23855432300115353,0,False,4236709,final,True
bio,bio-1.sh,observe,0,warm,0.21151635500064003,0,False,4236709,final,True
bio,bio-1.sh,main,1,cold,1.6590782529965509,0,False,4233340,,True
bio,bio-1.sh,main,1,warm,0.2576706200015906,0,False,4233340,,False
bio,bio-1.sh,try,1,cold,1.858732927001256,0,False,4242404,,True
bio,bio-1.sh,try,1,warm,1.174619582001469,0,False,4242404,,True
bio,bio-1.sh,observe,1,cold,0.2940080869993835,0,False,4236709,final,True
bio,bio-1.sh,observe,1,warm,0.20971325999926194,0,False,4236709,final,True
bio,bio-1.sh,bash,1,cold,0.07928428200102644,0,False,0,,True
bio,bio-1.sh,bash,1,warm,0.16401490900170757,0,False,0,,True
bio,bio-1.sh,try,2,cold,1.8113935430010315,0,False,4242404,,True
bio,bio-1.sh,try,2,warm,1.2627269650001836,0,False,4242404,,True
bio,bio-1.sh,observe,2,cold,0.23951406700143707,0,False,4236709,final,True
bio,bio-1.sh,observe,2,warm,0.2201689499997883,0,False,4236709,final,True
bio,bio-1.sh,bash,2,cold,0.09724653100056457,0,False,0,,True
bio,bio-1.sh,bash,2,warm,0.08349889899909613,0,False,0,,True
bio,bio-1.sh,main,2,cold,1.5597086820016557,0,False,4233340,,True
bio,bio-1.sh,main,2,warm,0.24094926600082545,0,False,4233340,,False
bio,bio-2.sh,bash,0,cold,0.082256548001169,0,False,0,,True
bio,bio-2.sh,bash,0,warm,0.0729819439984567,0,False,0,,True
bio,bio-2.sh,main,0,cold,1.6320260210013657,0,False,4233379,,True
bio,bio-2.sh,main,0,warm,0.2547724260002724,0,False,4233379,,False
bio,bio-2.sh,try,0,cold,1.7288287620031042,0,False,4242467,,True
bio,bio-2.sh,try,0,warm,1.2231355210024049,0,False,4242467,,True
bio,bio-2.sh,observe,0,cold,0.23610520600050222,0,False,4236772,final,True
bio,bio-2.sh,observe,0,warm,0.21270593000008375,0,False,4236772,final,True
bio,bio-2.sh,main,1,cold,1.740185548998852,0,False,4233379,,True
bio,bio-2.sh,main,1,warm,0.26805089399931603,0,False,4233379,,False
bio,bio-2.sh,try,1,cold,1.8494538000013563,0,False,4242467,,True
bio,bio-2.sh,try,1,warm,1.3553238669992425,0,False,4242467,,True
bio,bio-2.sh,observe,1,cold,0.24805432400171412,0,False,4236772,final,True
bio,bio-2.sh,observe,1,warm,0.21926231999896117,0,False,4236772,final,True
bio,bio-2.sh,bash,1,cold,0.07811723700069706,0,False,0,,True
bio,bio-2.sh,bash,1,warm,0.07307738700183108,0,False,0,,True
bio,bio-2.sh,try,2,cold,2.0118893280014163,0,False,4242467,,True
bio,bio-2.sh,try,2,warm,1.2377755970010185,0,False,4242467,,True
bio,bio-2.sh,observe,2,cold,0.24182628199923784,0,False,4236772,final,True
bio,bio-2.sh,observe,2,warm,0.21488788799979375,0,False,4236772,final,True
bio,bio-2.sh,bash,2,cold,0.0774242650004453,0,False,0,,True
bio,bio-2.sh,bash,2,warm,0.0728234389971476,0,False,0,,True
bio,bio-2.sh,main,2,cold,1.566909086999658,0,False,4233379,,True
bio,bio-2.sh,main,2,warm,0.2812156899999536,0,False,4233379,,False
bio,bio-3.sh,bash,0,cold,0.4307070759969065,0,False,0,,True
bio,bio-3.sh,bash,0,warm,0.5249512410009629,0,False,0,,True
bio,bio-3.sh,main,0,cold,14.634845609998592,0,False,6286890,,True
bio,bio-3.sh,main,0,warm,2.0839782360017125,0,False,6286890,,False
bio,bio-3.sh,try,0,cold,15.730944509999972,0,False,6355958,,True
bio,bio-3.sh,try,0,warm,13.997172603998479,0,False,6355958,,True
bio,bio-3.sh,observe,0,cold,0.9090812869981164,0,False,6313791,final,True
bio,bio-3.sh,observe,0,warm,0.9210640250021243,0,False,6313791,final,True
bio,bio-3.sh,main,1,cold,15.078816070999892,0,False,6286890,,True
bio,bio-3.sh,main,1,warm,2.166621470998507,0,False,6286890,,False
bio,bio-3.sh,try,1,cold,15.15922085100101,0,False,6355958,,True
bio,bio-3.sh,try,1,warm,14.352776142000948,0,False,6355958,,True
bio,bio-3.sh,observe,1,cold,0.8871920669989777,0,False,6313791,final,True
bio,bio-3.sh,observe,1,warm,1.0634127359990089,0,False,6313791,final,True
bio,bio-3.sh,bash,1,cold,0.4767114700007369,0,False,0,,True
bio,bio-3.sh,bash,1,warm,0.46160139100175,0,False,0,,True
bio,bio-3.sh,try,2,cold,15.423333844999433,0,False,6355958,,True
bio,bio-3.sh,try,2,warm,14.563357498998812,0,False,6355958,,True
bio,bio-3.sh,observe,2,cold,0.8705367660004413,0,False,6313791,final,True
bio,bio-3.sh,observe,2,warm,0.8349945320005645,0,False,6313791,final,True
bio,bio-3.sh,bash,2,cold,0.4076936849996855,0,False,0,,True
bio,bio-3.sh,bash,2,warm,0.41214116899936926,0,False,0,,True
bio,bio-3.sh,main,2,cold,14.192671762000828,0,False,6286890,,True
bio,bio-3.sh,main,2,warm,2.1033214359995327,0,False,6286890,,False
bio,bio-4-0.sh,bash,0,cold,0.5201065190012741,0,False,0,,True
bio,bio-4-0.sh,bash,0,warm,0.44174023599771317,0,False,0,,True
bio,bio-4-0.sh,main,0,cold,14.222027660001913,0,False,6286901,,True
bio,bio-4-0.sh,main,0,warm,2.1545375250025245,0,False,6286901,,False
bio,bio-4-0.sh,try,0,cold,0.8075689680008509,0,False,0,,True
bio,bio-4-0.sh,try,0,warm,0.7318125710007735,0,False,0,,True
bio,bio-4-0.sh,observe,0,cold,0.660286066999106,0,False,0,final,True
bio,bio-4-0.sh,observe,0,warm,0.8337885930013726,0,False,0,final,True
bio,bio-4-0.sh,main,1,cold,15.270641855000576,0,False,6286901,,True
bio,bio-4-0.sh,main,1,warm,2.096645604000514,0,False,6286901,,False
bio,bio-4-0.sh,try,1,cold,0.6977134799999476,0,False,0,,True
bio,bio-4-0.sh,try,1,warm,0.7600862190010957,0,False,0,,True
bio,bio-4-0.sh,observe,1,cold,0.8083246399983182,0,False,0,final,True
bio,bio-4-0.sh,observe,1,warm,0.799079125001299,0,False,0,final,True
bio,bio-4-0.sh,bash,1,cold,0.3990457250001782,0,False,0,,True
bio,bio-4-0.sh,bash,1,warm,0.4077286179999646,0,False,0,,True
bio,bio-4-0.sh,try,2,cold,0.9247379830012505,0,False,0,,True
bio,bio-4-0.sh,try,2,warm,0.8039077450011973,0,False,0,,True
bio,bio-4-0.sh,observe,2,cold,0.6291394670006412,0,False,0,final,True
bio,bio-4-0.sh,observe,2,warm,0.6943034800024179,0,False,0,final,True
bio,bio-4-0.sh,bash,2,cold,0.6267708409977786,0,False,0,,True
bio,bio-4-0.sh,bash,2,warm,0.48422236400074326,0,False,0,,True
bio,bio-4-0.sh,main,2,cold,14.561262957002327,0,False,6286901,,True
bio,bio-4-0.sh,main,2,warm,2.0329518350008584,0,False,6286901,,False
bio,bio-4.sh,bash,0,cold,0.44120035499872756,0,False,0,,True
bio,bio-4.sh,bash,0,warm,0.3664746100002958,0,False,0,,True
bio,bio-4.sh,main,0,cold,14.497181902999728,0,False,6286901,,True
bio,bio-4.sh,main,0,warm,2.0053914460004307,0,False,6286901,,False
bio,bio-4.sh,try,0,cold,0.7697175319990492,0,False,0,,True
bio,bio-4.sh,try,0,warm,0.5918984410018311,0,False,0,,True
bio,bio-4.sh,observe,0,cold,0.6047703859985631,0,False,0,final,True
bio,bio-4.sh,observe,0,warm,0.6670547949979664,0,False,0,final,True
bio,bio-4.sh,main,1,cold,14.78122632600207,0,False,6286901,,True
bio,bio-4.sh,main,1,warm,2.0752390480010945,0,False,6286901,,False
bio,bio-4.sh,try,1,cold,0.8646394179995696,0,False,0,,True
bio,bio-4.sh,try,1,warm,0.806886903999839,0,False,0,,True
bio,bio-4.sh,observe,1,cold,0.9212654440016195,0,False,0,final,True
bio,bio-4.sh,observe,1,warm,0.6217108160017233,0,False,0,final,True
bio,bio-4.sh,bash,1,cold,0.3941979369992623,0,False,0,,True
bio,bio-4.sh,bash,1,warm,0.3953245950033306,0,False,0,,True
bio,bio-4.sh,try,2,cold,0.763717607002036,0,False,0,,True
bio,bio-4.sh,try,2,warm,0.6548573629988823,0,False,0,,True
bio,bio-4.sh,observe,2,cold,0.7818570460003684,0,False,0,final,True
bio,bio-4.sh,observe,2,warm,0.8996093300011125,0,False,0,final,True
bio,bio-4.sh,bash,2,cold,0.5351874210027745,0,False,0,,True
bio,bio-4.sh,bash,2,warm,0.3947217560016725,0,False,0,,True
bio,bio-4.sh,main,2,cold,14.459694944001967,0,False,6286901,,True
bio,bio-4.sh,main,2,warm,2.1270047969992447,0,False,6286901,,False
bio,bio-5.sh,bash,0,cold,0.4905898889992386,0,False,0,,True
bio,bio-5.sh,bash,0,warm,0.5461166880013479,0,False,0,,True
bio,bio-5.sh,main,0,cold,15.01551449100225,0,False,6290433,,True
bio,bio-5.sh,main,0,warm,2.0723193170015293,0,False,6290433,,False
bio,bio-5.sh,try,0,cold,0.738404570001876,0,False,0,,True
bio,bio-5.sh,try,0,warm,0.8089569520016084,0,False,0,,True
bio,bio-5.sh,observe,0,cold,0.7529959870007588,0,False,0,final,True
bio,bio-5.sh,observe,0,warm,0.685235498000111,0,False,0,final,True
bio,bio-5.sh,main,1,cold,14.951114483999845,0,False,6290433,,True
bio,bio-5.sh,main,1,warm,2.1228747210006986,0,False,6290433,,False
bio,bio-5.sh,try,1,cold,0.6786999260002631,0,False,0,,True
bio,bio-5.sh,try,1,warm,0.733003937999456,0,False,0,,True
bio,bio-5.sh,observe,1,cold,0.6881917840000824,0,False,0,final,True
bio,bio-5.sh,observe,1,warm,0.8777386680012569,0,False,0,final,True
bio,bio-5.sh,bash,1,cold,0.44669526100187795,0,False,0,,True
bio,bio-5.sh,bash,1,warm,0.5277102680011012,0,False,0,,True
bio,bio-5.sh,try,2,cold,0.8863009710003098,0,False,0,,True
bio,bio-5.sh,try,2,warm,0.6512714410018816,0,False,0,,True
bio,bio-5.sh,observe,2,cold,0.6928422130004037,0,False,0,final,True
bio,bio-5.sh,observe,2,warm,0.712355708998075,0,False,0,final,True
bio,bio-5.sh,bash,2,cold,0.4961749610010884,0,False,0,,True
bio,bio-5.sh,bash,2,warm,0.585360294997372,0,False,0,,True
bio,bio-5.sh,main,2,cold,15.262740918999043,0,False,6290433,,True
bio,bio-5.sh,main,2,warm,2.1652860380017955,0,False,6290433,,False
bio,bio-6.sh,bash,0,cold,0.6878651610022644,0,False,0,,True
bio,bio-6.sh,bash,0,warm,0.6995687700000417,0,False,0,,True
bio,bio-6.sh,main,0,cold,16.09237200899952,0,False,6335210,,True
bio,bio-6.sh,main,0,warm,2.8092565890001424,0,False,6335210,,False
bio,bio-6.sh,try,0,cold,1.6010219889976725,0,False,63356,,True
bio,bio-6.sh,try,0,warm,1.3889776220021304,0,False,63296,,True
bio,bio-6.sh,observe,0,cold,0.8114848379991599,0,False,60770,final,True
bio,bio-6.sh,observe,0,warm,1.018258424999658,0,False,60770,final,True
bio,bio-6.sh,main,1,cold,15.627878133000195,0,False,6335210,,True
bio,bio-6.sh,main,1,warm,2.797448715999053,0,False,6335210,,False
bio,bio-6.sh,try,1,cold,1.3500883900014742,0,False,63356,,True
bio,bio-6.sh,try,1,warm,1.4307015760023205,0,False,63356,,True
bio,bio-6.sh,observe,1,cold,0.8548151729992242,0,False,60770,final,True
bio,bio-6.sh,observe,1,warm,1.067462668997905,0,False,60770,final,True
bio,bio-6.sh,bash,1,cold,0.7169281249989581,0,False,0,,True
bio,bio-6.sh,bash,1,warm,0.6411461859970586,0,False,0,,True
bio,bio-6.sh,try,2,cold,1.4336527349987591,0,False,63356,,True
bio,bio-6.sh,try,2,warm,1.385606733001623,0,False,63356,,True
bio,bio-6.sh,observe,2,cold,0.9678683210004237,0,False,60770,final,True
bio,bio-6.sh,observe,2,warm,0.9454174499987857,0,False,60770,final,True
bio,bio-6.sh,bash,2,cold,0.7049402489974455,0,False,0,,True
bio,bio-6.sh,bash,2,warm,0.5369886760017835,0,False,0,,True
bio,bio-6.sh,main,2,cold,16.172426982997422,0,False,6335210,,True
bio,bio-6.sh,main,2,warm,3.1410002839984372,0,False,6335247,,False
covid,1.sh,bash,0,cold,0.01588102800087654,0,False,0,,True
covid,1.sh,bash,0,warm,0.014109306001046207,0,False,0,,True
covid,1.sh,main,0,cold,0.14331601199955912,0,False,919293,,True
covid,1.sh,main,0,warm,0.13467607200072962,0,False,919293,,False
covid,1.sh,try,0,cold,1.6628174079996825,0,False,924737,,True
covid,1.sh,try,0,warm,0.27396776900059194,0,False,924737,,True
covid,1.sh,observe,0,cold,0.18417950499861035,0,False,921815,final,True
covid,1.sh,observe,0,warm,0.1589116559989634,0,False,921815,final,True
covid,1.sh,main,1,cold,0.21606521400099155,0,False,919293,,True
covid,1.sh,main,1,warm,0.2016839620009705,0,False,919293,,False
covid,1.sh,try,1,cold,1.6348664159995678,0,False,924737,,True
covid,1.sh,try,1,warm,0.3044756130002497,0,False,924737,,True
covid,1.sh,observe,1,cold,0.17801167400102713,0,False,921815,final,True
covid,1.sh,observe,1,warm,0.13790900299864006,0,False,921815,final,True
covid,1.sh,bash,1,cold,0.028337469997495646,0,False,0,,True
covid,1.sh,bash,1,warm,0.020279224001569673,0,False,0,,True
covid,1.sh,try,2,cold,1.5862218770016625,0,False,924737,,True
covid,1.sh,try,2,warm,0.22738575000039418,0,False,924737,,True
covid,1.sh,observe,2,cold,0.28189421800198033,0,False,921815,final,True
covid,1.sh,observe,2,warm,0.21228534599868,0,False,921815,final,True
covid,1.sh,bash,2,cold,0.013416390000202227,0,False,0,,True
covid,1.sh,bash,2,warm,0.026013624999905005,0,False,0,,True
covid,1.sh,main,2,cold,0.14752089199828333,0,False,919293,,True
covid,1.sh,main,2,warm,0.19978969800285995,0,False,919293,,False
covid,2.sh,bash,0,cold,0.018903998003224842,0,False,0,,True
covid,2.sh,bash,0,warm,0.024262992999865673,0,False,0,,True
covid,2.sh,main,0,cold,0.15676540300046327,0,False,944188,,True
covid,2.sh,main,0,warm,0.1589308840011654,0,False,944188,,False
covid,2.sh,try,0,cold,1.737225450000551,0,False,950479,,True
covid,2.sh,try,0,warm,0.23750619199927314,0,False,950479,,True
covid,2.sh,observe,0,cold,0.18222194500049227,0,False,947109,final,True
covid,2.sh,observe,0,warm,0.23476762200152734,0,False,947109,final,True
covid,2.sh,main,1,cold,0.21644964499864727,0,False,944188,,True
covid,2.sh,main,1,warm,0.2014950399970985,0,False,944188,,False
covid,2.sh,try,1,cold,1.6411452989996178,0,False,950479,,True
covid,2.sh,try,1,warm,0.3047318249991804,0,False,950479,,True
covid,2.sh,observe,1,cold,0.1704561400001694,0,False,947109,final,True
covid,2.sh,observe,1,warm,0.21218472600230598,0,False,947109,final,True
covid,2.sh,bash,1,cold,0.014249761999963084,0,False,0,,True
covid,2.sh,bash,1,warm,0.028856769000412896,0,False,0,,True
covid,2.sh,try,2,cold,1.7103268050013867,0,False,950479,,True
covid,2.sh,try,2,warm,0.3242073920009716,0,False,950479,,True
covid,2.sh,observe,2,cold,0.1626214899988554,0,False,947109,final,True
covid,2.sh,observe,2,warm,0.20354047500222805,0,False,947109,final,True
covid,2.sh,bash,2,cold,0.014237719999073306,0,False,0,,True
covid,2.sh,bash,2,warm,0.022420743000111543,0,False,0,,True
covid,2.sh,main,2,cold,0.2552270509986556,0,False,944188,,True
covid,2.sh,main,2,warm,0.20019365699772607,0,False,944188,,False
covid,3.sh,bash,0,cold,0.01755293700261973,0,False,0,,True
covid,3.sh,bash,0,warm,0.023798999998689396,0,False,0,,True
covid,3.sh,main,0,cold,0.22278571700007888,0,False,1065430,,True
covid,3.sh,main,0,warm,0.18168266500288155,0,False,1065430,,False
covid,3.sh,try,0,cold,1.7903484870003012,0,False,1071721,,True
covid,3.sh,try,0,warm,0.2392890199989779,0,False,1071721,,True
covid,3.sh,observe,0,cold,0.16708039700097288,0,False,1068351,final,True
covid,3.sh,observe,0,warm,0.18965064599979087,0,False,1068351,final,True
covid,3.sh,main,1,cold,0.16435956299756072,0,False,1065430,,True
covid,3.sh,main,1,warm,0.13724961700063432,0,False,1065430,,False
covid,3.sh,try,1,cold,1.6806223089988634,0,False,1071721,,True
covid,3.sh,try,1,warm,0.31950101199981873,0,False,1071721,,True
covid,3.sh,observe,1,cold,0.17133389999798965,0,False,1068351,final,True
covid,3.sh,observe,1,warm,0.1866059909989417,0,False,1068351,final,True
covid,3.sh,bash,1,cold,0.018065921998640988,0,False,0,,True
covid,3.sh,bash,1,warm,0.02977317799741286,0,False,0,,True
covid,3.sh,try,2,cold,1.8966777729983733,0,False,1071721,,True
covid,3.sh,try,2,warm,0.3110915680008475,0,False,1071721,,True
covid,3.sh,observe,2,cold,0.187588978002168,0,False,1068351,final,True
covid,3.sh,observe,2,warm,0.21602142899791943,0,False,1068351,final,True
covid,3.sh,bash,2,cold,0.01928663500075345,0,False,0,,True
covid,3.sh,bash,2,warm,0.040146303002984496,0,False,0,,True
covid,3.sh,main,2,cold,0.27885303599759936,0,False,1065430,,True
covid,3.sh,main,2,warm,0.20534032000068692,0,False,1065430,,False
covid,4.sh,bash,0,cold,0.01547174100051052,0,False,0,,True
covid,4.sh,bash,0,warm,0.022316758000670234,0,False,0,,True
covid,4.sh,main,0,cold,0.1449694789989735,0,False,882037,,True
covid,4.sh,main,0,warm,0.2321563650002645,0,False,882037,,False
covid,4.sh,try,0,cold,1.572210449998238,0,False,887481,,True
covid,4.sh,try,0,warm,0.21765723999851616,0,False,887481,,True
covid,4.sh,observe,0,cold,0.1615708999997878,0,False,884559,final,True
covid,4.sh,observe,0,warm,0.21535952300109784,0,False,884559,final,True
covid,4.sh,main,1,cold,0.22097718700024416,0,False,882037,,True
covid,4.sh,main,1,warm,0.14460079800119274,0,False,882037,,False
covid,4.sh,try,1,cold,1.6121396560010908,0,False,887481,,True
covid,4.sh,try,1,warm,0.28815295299864374,0,False,887481,,True
covid,4.sh,observe,1,cold,0.16042241100149113,0,False,884559,final,True
covid,4.sh,observe,1,warm,0.20528141800241428,0,False,884559,final,True
covid,4.sh,bash,1,cold,0.035177022000425495,0,False,0,,True
covid,4.sh,bash,1,warm,0.03447563399822684,0,False,0,,True
covid,4.sh,try,2,cold,1.5657124930003192,0,False,887481,,True
covid,4.sh,try,2,warm,0.2244844609995198,0,False,887481,,True
covid,4.sh,observe,2,cold,0.18976056099927519,0,False,884559,final,True
covid,4.sh,observe,2,warm,0.19963681800072663,0,False,884559,final,True
covid,4.sh,bash,2,cold,0.0345305519986141,0,False,0,,True
covid,4.sh,bash,2,warm,0.033659716998954536,0,False,0,,True
covid,4.sh,main,2,cold,0.15154619299937622,0,False,882037,,True
covid,4.sh,main,2,warm,0.2193612570008554,0,False,882037,,False
covid,5.sh,bash,0,cold,0.016408430001320085,0,False,0,,True
covid,5.sh,bash,0,warm,0.020089622001250973,0,False,0,,True
covid,5.sh,main,0,cold,0.1571263590012677,0,False,749578,,True
covid,5.sh,main,0,warm,0.1812307399995916,0,False,749578,,True
covid,5.sh,try,0,cold,0.81638348100023,0,False,752508,,True
covid,5.sh,try,0,warm,0.17725865499960491,0,False,752508,,True
covid,5.sh,observe,0,cold,0.23451375699733035,0,False,750510,final,True
covid,5.sh,observe,0,warm,0.1467807829976664,0,False,750510,final,True
covid,5.sh,main,1,cold,0.22084331999940332,0,False,749578,,True
covid,5.sh,main,1,warm,0.13876105500094127,0,False,749578,,True
covid,5.sh,try,1,cold,0.8041036350005015,0,False,752508,,True
covid,5.sh,try,1,warm,0.172683529999631,0,False,752508,,True
covid,5.sh,observe,1,cold,0.17272034000052372,0,False,750510,final,True
covid,5.sh,observe,1,warm,0.12000921800063225,0,False,750510,final,True
covid,5.sh,bash,1,cold,0.01720148399908794,0,False,0,,True
covid,5.sh,bash,1,warm,0.025477760002104333,0,False,0,,True
covid,5.sh,try,2,cold,0.7953573260019766,0,False,752508,,True
covid,5.sh,try,2,warm,0.24406132099829847,0,False,752508,,True
covid,5.sh,observe,2,cold,0.16802824100159341,0,False,750510,final,True
covid,5.sh,observe,2,warm,0.13376825799787184,0,False,750510,final,True
covid,5.sh,bash,2,cold,0.034024745000351686,0,False,0,,True
covid,5.sh,bash,2,warm,0.029922014000476338,0,False,0,,True
covid,5.sh,main,2,cold,0.16539409100005287,0,False,749578,,True
covid,5.sh,main,2,warm,0.14509549099966534,0,False,749578,,False
file-mod,file-mod-1.sh,bash,0,cold,0.2337086180014012,0,False,0,,True
file-mod,file-mod-1.sh,bash,0,warm,0.22328838400062523,0,False,0,,True
file-mod,file-mod-1.sh,main,0,cold,2.264710195999214,0,False,232713,,True
file-mod,file-mod-1.sh,main,0,warm,0.3927902220020769,0,False,232713,,False
file-mod,file-mod-1.sh,try,0,cold,2.4576519840011315,0,False,287755,,True
file-mod,file-mod-1.sh,try,0,warm,2.3797231589996954,0,False,287755,,True
file-mod,file-mod-1.sh,observe,0,cold,0.546654091001983,0,False,278954,final,True
file-mod,file-mod-1.sh,observe,0,warm,0.1692973700010043,0,False,278954,final,True
file-mod,file-mod-1.sh,main,1,cold,2.2154418940008327,0,False,232713,,True
file-mod,file-mod-1.sh,main,1,warm,0.5068149190010445,0,False,232727,,False
file-mod,file-mod-1.sh,try,1,cold,2.2855974640006025,0,False,287755,,True
file-mod,file-mod-1.sh,try,1,warm,2.315120911996928,0,False,287755,,True
file-mod,file-mod-1.sh,observe,1,cold,0.6191107129998272,0,False,278954,final,True
file-mod,file-mod-1.sh,observe,1,warm,0.2871718390015303,0,False,278954,final,True
file-mod,file-mod-1.sh,bash,1,cold,0.22748259199943277,0,False,0,,True
file-mod,file-mod-1.sh,bash,1,warm,0.3493372070006444,0,False,0,,True
file-mod,file-mod-1.sh,try,2,cold,2.3502330810006242,0,False,287755,,True
file-mod,file-mod-1.sh,try,2,warm,2.1667632030003006,0,False,287755,,True
file-mod,file-mod-1.sh,observe,2,cold,0.5354930760004208,0,False,278954,final,True
file-mod,file-mod-1.sh,observe,2,warm,0.19777573300234508,0,False,278954,final,True
file-mod,file-mod-1.sh,bash,2,cold,0.28351187700172886,0,False,0,,True
file-mod,file-mod-1.sh,bash,2,warm,0.22709610700258054,0,False,0,,True
file-mod,file-mod-1.sh,main,2,cold,2.1970697320030013,0,False,232713,,True
file-mod,file-mod-1.sh,main,2,warm,0.42900503800046863,0,False,232713,,False
file-mod,file-mod-2.sh,bash,0,cold,0.3082805880003434,0,False,0,,True
file-mod,file-mod-2.sh,bash,0,warm,0.2436873939986981,0,False,0,,True
file-mod,file-mod-2.sh,main,0,cold,3.8969091069993738,0,False,389919,,True
file-mod,file-mod-2.sh,main,0,warm,0.7933414940016519,0,False,389919,,False
file-mod,file-mod-2.sh,try,0,cold,3.937855390999175,0,False,450952,,True
file-mod,file-mod-2.sh,try,0,warm,4.604361541001708,0,False,450952,,True
file-mod,file-mod-2.sh,observe,0,cold,0.5949008030002005,0,False,438680,final,True
file-mod,file-mod-2.sh,observe,0,warm,0.237271897996834,0,False,438680,final,True
file-mod,file-mod-2.sh,main,1,cold,3.9467769190014224,0,False,389919,,True
file-mod,file-mod-2.sh,main,1,warm,0.744462882001244,0,False,389919,,False
file-mod,file-mod-2.sh,try,1,cold,3.933576259001711,0,False,450952,,True
file-mod,file-mod-2.sh,try,1,warm,4.095481766999001,0,False,450952,,True
file-mod,file-mod-2.sh,observe,1,cold,0.6162120430017239,0,False,438680,final,True
file-mod,file-mod-2.sh,observe,1,warm,0.2397973129991442,0,False,438680,final,True
file-mod,file-mod-2.sh,bash,1,cold,0.2631367659996613,0,False,0,,True
file-mod,file-mod-2.sh,bash,1,warm,0.24115029299719026,0,False,0,,True
file-mod,file-mod-2.sh,try,2,cold,4.057043345001148,0,False,450952,,True
file-mod,file-mod-2.sh,try,2,warm,3.87773807800113,0,False,450952,,True
file-mod,file-mod-2.sh,observe,2,cold,0.6083798029976606,0,False,438682,final,True
file-mod,file-mod-2.sh,observe,2,warm,0.2658214670009329,0,False,438682,final,True
file-mod,file-mod-2.sh,bash,2,cold,0.3418764130001364,0,False,0,,True
file-mod,file-mod-2.sh,bash,2,warm,0.29937664499811945,0,False,0,,True
file-mod,file-mod-2.sh,main,2,cold,3.8423183520026214,0,False,389919,,True
file-mod,file-mod-2.sh,main,2,warm,0.7694725100009236,0,False,389926,,False
file-mod,file-mod-3.sh,bash,0,cold,0.24668934000146692,0,False,0,,True
file-mod,file-mod-3.sh,bash,0,warm,0.2471865789993899,0,False,0,,True
file-mod,file-mod-3.sh,main,0,cold,3.407528348001506,0,False,379349,,True
file-mod,file-mod-3.sh,main,0,warm,0.4065341019995685,0,False,379356,,False
file-mod,file-mod-3.sh,try,0,cold,3.560267679997196,0,False,441132,,True
file-mod,file-mod-3.sh,try,0,warm,3.5375237970001763,0,False,441132,,True
file-mod,file-mod-3.sh,observe,0,cold,0.6043682109993824,0,False,426249,final,True
file-mod,file-mod-3.sh,observe,0,warm,0.19104020799932186,0,False,426249,final,True
file-mod,file-mod-3.sh,main,1,cold,3.582980373997998,0,False,379349,,True
file-mod,file-mod-3.sh,main,1,warm,0.47251118599888287,0,False,379356,,False
file-mod,file-mod-3.sh,try,1,cold,3.2962853600001836,0,False,441132,,True
file-mod,file-mod-3.sh,try,1,warm,3.4024505439992936,0,False,441132,,True
file-mod,file-mod-3.sh,observe,1,cold,0.5238167479983531,0,False,426249,final,True
file-mod,file-mod-3.sh,observe,1,warm,0.19739453999864054,0,False,426249,final,True
file-mod,file-mod-3.sh,bash,1,cold,0.23744301500119036,0,False,0,,True
file-mod,file-mod-3.sh,bash,1,warm,0.23960845900001004,0,False,0,,True
file-mod,file-mod-3.sh,try,2,cold,3.4543220679988735,0,False,441132,,True
file-mod,file-mod-3.sh,try,2,warm,3.6401344799996878,0,False,441132,,True
file-mod,file-mod-3.sh,observe,2,cold,0.5247855540001183,0,False,426249,final,True
file-mod,file-mod-3.sh,observe,2,warm,0.23358979600016028,0,False,426249,final,True
file-mod,file-mod-3.sh,bash,2,cold,0.29895546099942294,0,False,0,,True
file-mod,file-mod-3.sh,bash,2,warm,0.2903196220031532,0,False,0,,True
file-mod,file-mod-3.sh,main,2,cold,3.478864105996763,0,False,379349,,True
file-mod,file-mod-3.sh,main,2,warm,0.46321574399917154,0,False,379349,,False
file-mod,file-mod-4.sh,bash,0,cold,0.3203094590026012,0,False,0,,True
file-mod,file-mod-4.sh,bash,0,warm,0.28889403299763217,0,False,0,,True
file-mod,file-mod-4.sh,main,0,cold,3.4693978689974756,0,False,523360,,True
file-mod,file-mod-4.sh,main,0,warm,0.4585670720007329,0,False,523360,,False
file-mod,file-mod-4.sh,try,0,cold,3.859223841001949,0,False,586057,,True
file-mod,file-mod-4.sh,try,0,warm,3.521154491998459,0,False,730982,,True
file-mod,file-mod-4.sh,observe,0,cold,0.5409020769984636,0,False,570610,final,True
file-mod,file-mod-4.sh,observe,0,warm,0.2052843479978037,0,False,570610,final,True
file-mod,file-mod-4.sh,main,1,cold,3.683464420999371,0,False,523360,,True
file-mod,file-mod-4.sh,main,1,warm,0.37439802499648067,0,False,523360,,False
file-mod,file-mod-4.sh,try,1,cold,3.796724951000215,0,False,586057,,True
file-mod,file-mod-4.sh,try,1,warm,3.6418778840015875,0,False,730982,,True
file-mod,file-mod-4.sh,observe,1,cold,0.6377564930007793,0,False,570610,final,True
file-mod,file-mod-4.sh,observe,1,warm,0.3417233869986376,0,False,714971,final,True
file-mod,file-mod-4.sh,bash,1,cold,0.28789307700208155,0,False,0,,True
file-mod,file-mod-4.sh,bash,1,warm,0.28109553099784534,0,False,0,,True
file-mod,file-mod-4.sh,try,2,cold,3.5986332159991434,0,False,586057,,True
file-mod,file-mod-4.sh,try,2,warm,3.6726750950001588,0,False,730982,,True
file-mod,file-mod-4.sh,observe,2,cold,0.7256505229997856,0,False,570610,final,True
file-mod,file-mod-4.sh,observe,2,warm,0.19856221600275603,0,False,570610,final,True
file-mod,file-mod-4.sh,bash,2,cold,0.3321593609980482,0,False,0,,True
file-mod,file-mod-4.sh,bash,2,warm,0.2789986210009374,0,False,0,,True
file-mod,file-mod-4.sh,main,2,cold,3.559342849999666,0,False,523360,,True
file-mod,file-mod-4.sh,main,2,warm,0.48178822599948035,0,False,523360,,False
file-mod,file-mod-5.sh,bash,0,cold,0.3154995270015206,0,False,0,,True
file-mod,file-mod-5.sh,bash,0,warm,0.2755075870009023,0,False,0,,True
file-mod,file-mod-5.sh,main,0,cold,3.547221011998772,0,False,523360,,True
file-mod,file-mod-5.sh,main,0,warm,0.44559035600104835,0,False,523360,,False
file-mod,file-mod-5.sh,try,0,cold,3.463861216998339,0,False,586057,,True
file-mod,file-mod-5.sh,try,0,warm,3.544060772001103,0,False,730982,,True
file-mod,file-mod-5.sh,observe,0,cold,0.6231891700008418,0,False,570610,final,True
file-mod,file-mod-5.sh,observe,0,warm,0.2979683459998341,0,False,714971,final,True
file-mod,file-mod-5.sh,main,1,cold,3.596106377997785,0,False,523360,,True
file-mod,file-mod-5.sh,main,1,warm,0.41560969299825956,0,False,523360,,False
file-mod,file-mod-5.sh,try,1,cold,3.6789155260012194,0,False,586057,,True
file-mod,file-mod-5.sh,try,1,warm,3.615345714999421,0,False,730982,,True
file-mod,file-mod-5.sh,observe,1,cold,0.7590264250029577,0,False,570610,final,True
file-mod,file-mod-5.sh,observe,1,warm,0.2950654980013496,0,False,714971,final,True
file-mod,file-mod-5.sh,bash,1,cold,0.2895890639993013,0,False,0,,True
file-mod,file-mod-5.sh,bash,1,warm,0.2793197399987548,0,False,0,,True
file-mod,file-mod-5.sh,try,2,cold,3.586837327999092,0,False,586057,,True
file-mod,file-mod-5.sh,try,2,warm,3.6049946249986533,0,False,730982,,True
file-mod,file-mod-5.sh,observe,2,cold,0.5811798089998774,0,False,570610,final,True
file-mod,file-mod-5.sh,observe,2,warm,0.25702810599977965,0,False,714971,final,True
file-mod,file-mod-5.sh,bash,2,cold,0.2805400600009307,0,False,0,,True
file-mod,file-mod-5.sh,bash,2,warm,0.34730718300124863,0,False,0,,True
file-mod,file-mod-5.sh,main,2,cold,3.5793170310025744,0,False,523360,,True
file-mod,file-mod-5.sh,main,2,warm,0.393683359001443,0,False,523360,,False
file-mod,file-mod-6.sh,bash,0,cold,0.2885375180012488,0,False,0,,True
file-mod,file-mod-6.sh,bash,0,warm,0.37746193500061054,0,False,0,,True
file-mod,file-mod-6.sh,main,0,cold,5.127391930000158,0,False,258785,,True
file-mod,file-mod-6.sh,main,0,warm,0.560573047001526,0,False,269676,,False
file-mod,file-mod-6.sh,try,0,cold,5.097943896002107,0,False,326030,,True
file-mod,file-mod-6.sh,try,0,warm,4.91763593900032,0,False,337835,,True
file-mod,file-mod-6.sh,observe,0,cold,0.6510494759968424,0,False,306974,final,True
file-mod,file-mod-6.sh,observe,0,warm,0.31247399000130827,0,False,318215,final,True
file-mod,file-mod-6.sh,main,1,cold,5.082705126998917,0,False,258785,,True
file-mod,file-mod-6.sh,main,1,warm,0.5051851149983122,0,False,269676,,False
file-mod,file-mod-6.sh,try,1,cold,5.755113489998621,0,False,326030,,True
file-mod,file-mod-6.sh,try,1,warm,4.812137010998413,0,False,337835,,True
file-mod,file-mod-6.sh,observe,1,cold,0.6830781759999809,0,False,306974,final,True
file-mod,file-mod-6.sh,observe,1,warm,0.22066504300164524,0,False,306974,final,True
file-mod,file-mod-6.sh,bash,1,cold,0.2897133090009447,0,False,0,,True
file-mod,file-mod-6.sh,bash,1,warm,0.2973220960011531,0,False,0,,True
file-mod,file-mod-6.sh,try,2,cold,5.073238281001977,0,False,326030,,True
file-mod,file-mod-6.sh,try,2,warm,4.832713457999489,0,False,337835,,True
file-mod,file-mod-6.sh,observe,2,cold,0.6900274090003222,0,False,306974,final,True
file-mod,file-mod-6.sh,observe,2,warm,0.2663066550012445,0,False,318215,final,True
file-mod,file-mod-6.sh,bash,2,cold,0.2921954120029113,0,False,0,,True
file-mod,file-mod-6.sh,bash,2,warm,0.3370669989999442,0,False,0,,True
file-mod,file-mod-6.sh,main,2,cold,5.229076128001907,0,False,258785,,True
file-mod,file-mod-6.sh,main,2,warm,0.4811847029995988,0,False,269676,,False
file-mod,file-mod-7.sh,bash,0,cold,0.2843513610023365,0,False,0,,True
file-mod,file-mod-7.sh,bash,0,warm,0.2897216439996555,0,False,0,,True
file-mod,file-mod-7.sh,main,0,cold,3.7486034350004047,0,False,381382,,True
file-mod,file-mod-7.sh,main,0,warm,0.4230593210013467,0,False,381382,,False
file-mod,file-mod-7.sh,try,0,cold,3.7085181219990773,0,False,444689,,True
file-mod,file-mod-7.sh,try,0,warm,3.8252089810011967,0,False,448247,,True
file-mod,file-mod-7.sh,observe,0,cold,0.5678619319987774,0,False,428926,final,True
file-mod,file-mod-7.sh,observe,0,warm,0.22778776199993445,0,False,431604,final,True
file-mod,file-mod-7.sh,main,1,cold,3.5204546989989467,0,False,381382,,True
file-mod,file-mod-7.sh,main,1,warm,0.39590460500039626,0,False,381382,,False
file-mod,file-mod-7.sh,try,1,cold,3.793458030999318,0,False,444689,,True
file-mod,file-mod-7.sh,try,1,warm,3.7850807120012178,0,False,448246,,True
file-mod,file-mod-7.sh,observe,1,cold,0.5315042010006437,0,False,428923,final,True
file-mod,file-mod-7.sh,observe,1,warm,0.2088152149990492,0,False,428923,final,True
file-mod,file-mod-7.sh,bash,1,cold,0.27920969399929163,0,False,0,,True
file-mod,file-mod-7.sh,bash,1,warm,0.327918161998241,0,False,0,,True
file-mod,file-mod-7.sh,try,2,cold,3.812352010001632,0,False,444689,,True
file-mod,file-mod-7.sh,try,2,warm,3.808849962999375,0,False,448246,,True
file-mod,file-mod-7.sh,observe,2,cold,0.6455621120003343,0,False,428926,final,True
file-mod,file-mod-7.sh,observe,2,warm,0.245168122000905,0,False,431604,final,True
file-mod,file-mod-7.sh,bash,2,cold,0.28172358899973915,0,False,0,,True
file-mod,file-mod-7.sh,bash,2,warm,0.29520994900303776,0,False,0,,True
file-mod,file-mod-7.sh,main,2,cold,3.960865761997411,0,False,381382,,True
file-mod,file-mod-7.sh,main,2,warm,0.39869274599914206,0,False,381382,,False
nginx-analysis,nginx-1.sh,bash,0,cold,0.011343244997988222,0,False,0,,True
nginx-analysis,nginx-1.sh,bash,0,warm,0.00800591900042491,0,False,0,,True
nginx-analysis,nginx-1.sh,main,0,cold,1.7178147849990637,0,False,172735,,True
nginx-analysis,nginx-1.sh,main,0,warm,0.39424158000110765,0,False,172735,,False
nginx-analysis,nginx-1.sh,try,0,cold,1.2969463160006853,0,False,176148,,True
nginx-analysis,nginx-1.sh,try,0,warm,1.346267066001019,0,False,347021,,True
nginx-analysis,nginx-1.sh,observe,0,cold,0.16382637299830094,0,False,173329,final,True
nginx-analysis,nginx-1.sh,observe,0,warm,0.16305538599772262,0,False,341831,final,True
nginx-analysis,nginx-1.sh,main,1,cold,1.8468877560007968,0,False,172735,,True
nginx-analysis,nginx-1.sh,main,1,warm,0.3325231820017507,0,False,172735,,False
nginx-analysis,nginx-1.sh,try,1,cold,1.350333362002857,0,False,176148,,True
nginx-analysis,nginx-1.sh,try,1,warm,1.8980627939999977,0,False,347021,,True
nginx-analysis,nginx-1.sh,observe,1,cold,0.15342596999835223,0,False,173329,final,True
nginx-analysis,nginx-1.sh,observe,1,warm,0.2832276789995376,0,False,341831,final,True
nginx-analysis,nginx-1.sh,bash,1,cold,0.008079203998931916,0,False,0,,True
nginx-analysis,nginx-1.sh,bash,1,warm,0.007031861001451034,0,False,0,,True
nginx-analysis,nginx-1.sh,try,2,cold,1.348535028999322,0,False,176148,,True
nginx-analysis,nginx-1.sh,try,2,warm,1.3164981059999263,0,False,347021,,True
nginx-analysis,nginx-1.sh,observe,2,cold,0.14874865299861995,0,False,173329,final,True
nginx-analysis,nginx-1.sh,observe,2,warm,0.1668617159994028,0,False,341831,final,True
nginx-analysis,nginx-1.sh,bash,2,cold,0.007369322000158718,0,False,0,,True
nginx-analysis,nginx-1.sh,bash,2,warm,0.0119767670003057,0,False,0,,True
nginx-analysis,nginx-1.sh,main,2,cold,1.5624560459982604,0,False,172735,,True
nginx-analysis,nginx-1.sh,main,2,warm,0.37928060500053107,0,False,172735,,False
nginx-analysis,nginx-10.sh,bash,0,cold,0.0158065430005081,0,False,0,,True
nginx-analysis,nginx-10.sh,bash,0,warm,0.019844297999952687,0,False,0,,True
nginx-analysis,nginx-10.sh,main,0,cold,0.1874214329982351,0,False,16965,,True
nginx-analysis,nginx-10.sh,main,0,warm,0.24723844400068629,0,False,16965,,True
nginx-analysis,nginx-10.sh,try,0,cold,2.7355448029993568,0,False,28854,,True
nginx-analysis,nginx-10.sh,try,0,warm,0.365973201001907,0,False,28854,,True
nginx-analysis,nginx-10.sh,observe,0,cold,0.1784421279990056,0,False,21608,final,True
nginx-analysis,nginx-10.sh,observe,0,warm,0.22201090900125564,0,False,21608,final,True
nginx-analysis,nginx-10.sh,main,1,cold,0.23950573799811536,0,False,16965,,True
nginx-analysis,nginx-10.sh,main,1,warm,0.21210680999865872,0,False,16965,,True
nginx-analysis,nginx-10.sh,try,1,cold,2.880518034002307,0,False,28854,,True
nginx-analysis,nginx-10.sh,try,1,warm,0.36808281000048737,0,False,28854,,True
nginx-analysis,nginx-10.sh,observe,1,cold,0.25250400900040404,0,False,21608,final,True
nginx-analysis,nginx-10.sh,observe,1,warm,0.2905315310017613,0,False,21608,final,True
nginx-analysis,nginx-10.sh,bash,1,cold,0.012726802000543103,0,False,0,,True
nginx-analysis,nginx-10.sh,bash,1,warm,0.019041285002458608,0,False,0,,True
nginx-analysis,nginx-10.sh,try,2,cold,2.5680969079985516,0,False,28854,,True
nginx-analysis,nginx-10.sh,try,2,warm,0.281430573999387,0,False,28854,,True
nginx-analysis,nginx-10.sh,observe,2,cold,0.17130595599883236,0,False,21608,final,True
nginx-analysis,nginx-10.sh,observe,2,warm,0.1508426380023593,0,False,21608,final,True
nginx-analysis,nginx-10.sh,bash,2,cold,0.024923802997363964,0,False,0,,True
nginx-analysis,nginx-10.sh,bash,2,warm,0.020177697002509376,0,False,0,,True
nginx-analysis,nginx-10.sh,main,2,cold,0.252146045997506,0,False,16965,,True
nginx-analysis,nginx-10.sh,main,2,warm,0.1935831060000055,0,False,16965,,True
nginx-analysis,nginx-11.sh,bash,0,cold,0.01351689799776068,0,False,0,,True
nginx-analysis,nginx-11.sh,bash,0,warm,0.02322917200217489,0,False,0,,True
nginx-analysis,nginx-11.sh,main,0,cold,0.19384235399775207,0,False,17130,,True
nginx-analysis,nginx-11.sh,main,0,warm,0.15864846700060298,0,False,17130,,True
nginx-analysis,nginx-11.sh,try,0,cold,3.095442447000096,0,False,30737,,True
nginx-analysis,nginx-11.sh,try,0,warm,0.33688849300233414,0,False,30737,,True
nginx-analysis,nginx-11.sh,observe,0,cold,0.1824249069977668,0,False,22595,final,True
nginx-analysis,nginx-11.sh,observe,0,warm,0.16570504500123207,0,False,22595,final,True
nginx-analysis,nginx-11.sh,main,1,cold,0.2669940250016225,0,False,17130,,True
nginx-analysis,nginx-11.sh,main,1,warm,0.14560974100095336,0,False,17130,,True
nginx-analysis,nginx-11.sh,try,1,cold,3.2985973579998245,0,False,30737,,True
nginx-analysis,nginx-11.sh,try,1,warm,0.40780020099919057,0,False,30737,,True
nginx-analysis,nginx-11.sh,observe,1,cold,0.18682534999970812,0,False,22595,final,True
nginx-analysis,nginx-11.sh,observe,1,warm,0.24610487700192607,0,False,22595,final,True
nginx-analysis,nginx-11.sh,bash,1,cold,0.027374802997655934,0,False,0,,True
nginx-analysis,nginx-11.sh,bash,1,warm,0.019859241998346988,0,False,0,,True
nginx-analysis,nginx-11.sh,try,2,cold,3.1402405769986217,0,False,30737,,True
nginx-analysis,nginx-11.sh,try,2,warm,0.4970919219995267,0,False,30737,,True
nginx-analysis,nginx-11.sh,observe,2,cold,0.18424506199880852,0,False,22595,final,True
nginx-analysis,nginx-11.sh,observe,2,warm,0.16610376999960863,0,False,22595,final,True
nginx-analysis,nginx-11.sh,bash,2,cold,0.02543162399888388,0,False,0,,True
nginx-analysis,nginx-11.sh,bash,2,warm,0.022114198000053875,0,False,0,,True
nginx-analysis,nginx-11.sh,main,2,cold,0.19055210599981365,0,False,17130,,True
nginx-analysis,nginx-11.sh,main,2,warm,0.15682271699915873,0,False,17130,,True
nginx-analysis,nginx-12.sh,bash,0,cold,0.03194801599966013,0,False,0,,True
nginx-analysis,nginx-12.sh,bash,0,warm,0.031630680001399014,0,False,0,,True
nginx-analysis,nginx-12.sh,main,0,cold,0.2488823150015378,0,False,18309,,True
nginx-analysis,nginx-12.sh,main,0,warm,0.24434269000266795,0,False,18309,,True
nginx-analysis,nginx-12.sh,try,0,cold,3.5473722940005246,0,False,34033,,True
nginx-analysis,nginx-12.sh,try,0,warm,0.3935015850001946,0,False,34033,,True
nginx-analysis,nginx-12.sh,observe,0,cold,0.196457244001067,0,False,24385,final,True
nginx-analysis,nginx-12.sh,observe,0,warm,0.15334096500009764,0,False,24385,final,True
nginx-analysis,nginx-12.sh,main,1,cold,0.24875819599765236,0,False,18309,,True
nginx-analysis,nginx-12.sh,main,1,warm,0.2266422850007075,0,False,18309,,True
nginx-analysis,nginx-12.sh,try,1,cold,3.528716288998112,0,False,34033,,True
nginx-analysis,nginx-12.sh,try,1,warm,0.3956006879998313,0,False,34033,,True
nginx-analysis,nginx-12.sh,observe,1,cold,0.19125341399922036,0,False,24385,final,True
nginx-analysis,nginx-12.sh,observe,1,warm,0.23714442500204314,0,False,24385,final,True
nginx-analysis,nginx-12.sh,bash,1,cold,0.014633274997322587,0,False,0,,True
nginx-analysis,nginx-12.sh,bash,1,warm,0.03194173699739622,0,False,0,,True
nginx-analysis,nginx-12.sh,try,2,cold,3.4893336900022405,0,False,34033,,True
nginx-analysis,nginx-12.sh,try,2,warm,0.43103806200088,0,False,34033,,True
nginx-analysis,nginx-12.sh,observe,2,cold,0.19860006499948213,0,False,24385,final,True
nginx-analysis,nginx-12.sh,observe,2,warm,0.2334327709977515,0,False,24385,final,True
nginx-analysis,nginx-12.sh,bash,2,cold,0.014652917001512833,0,False,0,,True
nginx-analysis,nginx-12.sh,bash,2,warm,0.023436853000021074,0,False,0,,True
nginx-analysis,nginx-12.sh,main,2,cold,0.19183660500129918,0,False,18309,,True
nginx-analysis,nginx-12.sh,main,2,warm,0.22457235699766898,0,False,18309,,False
nginx-analysis,nginx-13.sh,bash,0,cold,0.03402735700001358,0,False,0,,True
nginx-analysis,nginx-13.sh,bash,0,warm,0.02572114700160455,0,False,0,,True
nginx-analysis,nginx-13.sh,main,0,cold,0.21155307899971376,0,False,19360,,True
nginx-analysis,nginx-13.sh,main,0,warm,0.16641650100063998,0,False,19360,,True
nginx-analysis,nginx-13.sh,try,0,cold,3.7155235489990446,0,False,36135,,True
nginx-analysis,nginx-13.sh,try,0,warm,0.47356921000027796,0,False,36135,,True
nginx-analysis,nginx-13.sh,observe,0,cold,0.20052225200197427,0,False,26019,final,True
nginx-analysis,nginx-13.sh,observe,0,warm,0.23430448699946282,0,False,26019,final,True
nginx-analysis,nginx-13.sh,main,1,cold,0.18833831500160159,0,False,19360,,True
nginx-analysis,nginx-13.sh,main,1,warm,0.2296268880018033,0,False,19360,,False
nginx-analysis,nginx-13.sh,try,1,cold,3.8037685900017095,0,False,36135,,True
nginx-analysis,nginx-13.sh,try,1,warm,0.4705043760004628,0,False,36135,,True
nginx-analysis,nginx-13.sh,observe,1,cold,0.18794539100053953,0,False,26019,final,True
nginx-analysis,nginx-13.sh,observe,1,warm,0.2652790619977168,0,False,26019,final,True
nginx-analysis,nginx-13.sh,bash,1,cold,0.03410705799979041,0,False,0,,True
nginx-analysis,nginx-13.sh,bash,1,warm,0.028550233000714798,0,False,0,,True
nginx-analysis,nginx-13.sh,try,2,cold,3.8691840450010204,0,False,36135,,True
nginx-analysis,nginx-13.sh,try,2,warm,0.46367774000100326,0,False,36135,,True
nginx-analysis,nginx-13.sh,observe,2,cold,0.19713637799941353,0,False,26019,final,True
nginx-analysis,nginx-13.sh,observe,2,warm,0.3092640989998472,0,False,26019,final,True
nginx-analysis,nginx-13.sh,bash,2,cold,0.01926073700087727,0,False,0,,True
nginx-analysis,nginx-13.sh,bash,2,warm,0.022145472998090554,0,False,0,,True
nginx-analysis,nginx-13.sh,main,2,cold,0.24676864999855752,0,False,19360,,True
nginx-analysis,nginx-13.sh,main,2,warm,0.230642442998942,0,False,19360,,True
nginx-analysis,nginx-14.sh,bash,0,cold,0.015499781002290547,0,False,0,,True
nginx-analysis,nginx-14.sh,bash,0,warm,0.034363888000370935,0,False,0,,True
nginx-analysis,nginx-14.sh,main,0,cold,0.20296172099915566,0,False,19402,,True
nginx-analysis,nginx-14.sh,main,0,warm,0.2092612000014924,0,False,19402,,True
nginx-analysis,nginx-14.sh,try,0,cold,3.8296950069998275,0,False,37048,,True
nginx-analysis,nginx-14.sh,try,0,warm,0.6028925770006026,0,False,37048,,True
nginx-analysis,nginx-14.sh,observe,0,cold,0.21724390400049742,0,False,26484,final,True
nginx-analysis,nginx-14.sh,observe,0,warm,0.17260186899875407,0,False,26484,final,True
nginx-analysis,nginx-14.sh,main,1,cold,0.24727488000280573,0,False,19402,,True
nginx-analysis,nginx-14.sh,main,1,warm,0.16088579899951583,0,False,19402,,False
nginx-analysis,nginx-14.sh,try,1,cold,3.9473772379969887,0,False,37048,,True
nginx-analysis,nginx-14.sh,try,1,warm,0.44667262800066965,0,False,37048,,True
nginx-analysis,nginx-14.sh,observe,1,cold,0.21459554999819375,0,False,26484,final,True
nginx-analysis,nginx-14.sh,observe,1,warm,0.23968000300010317,0,False,26484,final,True
nginx-analysis,nginx-14.sh,bash,1,cold,0.016008309001335874,0,False,0,,True
nginx-analysis,nginx-14.sh,bash,1,warm,0.031218314998113783,0,False,0,,True
nginx-analysis,nginx-14.sh,try,2,cold,4.184917566999502,0,False,37048,,True
nginx-analysis,nginx-14.sh,try,2,warm,0.43830554500164,0,False,37048,,True
nginx-analysis,nginx-14.sh,observe,2,cold,0.2165052519994788,0,False,26484,final,True
nginx-analysis,nginx-14.sh,observe,2,warm,0.18943500599925756,0,False,26484,final,True
nginx-analysis,nginx-14.sh,bash,2,cold,0.020373424998979317,0,False,0,,True
nginx-analysis,nginx-14.sh,bash,2,warm,0.017617479999898933,0,False,0,,True
nginx-analysis,nginx-14.sh,main,2,cold,0.1960739640016982,0,False,19402,,True
nginx-analysis,nginx-14.sh,main,2,warm,0.16094020899981842,0,False,19402,,True
nginx-analysis,nginx-15.sh,bash,0,cold,0.04071957199994358,0,False,0,,True
nginx-analysis,nginx-15.sh,bash,0,warm,0.032534363999729976,0,False,0,,True
nginx-analysis,nginx-15.sh,main,0,cold,0.21158064199698856,0,False,20474,,True
nginx-analysis,nginx-15.sh,main,0,warm,0.2963355669999146,0,False,20474,,True
nginx-analysis,nginx-15.sh,try,0,cold,4.467448062001495,0,False,40018,,True
nginx-analysis,nginx-15.sh,try,0,warm,0.6153306829983194,0,False,40018,,True
nginx-analysis,nginx-15.sh,observe,0,cold,0.2681179639985203,0,False,28538,final,True
nginx-analysis,nginx-15.sh,observe,0,warm,0.26056806500128005,0,False,28538,final,True
nginx-analysis,nginx-15.sh,main,1,cold,0.26511272700008703,0,False,20474,,True
nginx-analysis,nginx-15.sh,main,1,warm,0.18994920100158197,0,False,20474,,True
nginx-analysis,nginx-15.sh,try,1,cold,4.693876249999448,0,False,40018,,True
nginx-analysis,nginx-15.sh,try,1,warm,0.5570512790000066,0,False,40018,,True
nginx-analysis,nginx-15.sh,observe,1,cold,0.23855747300331132,0,False,28538,final,True
nginx-analysis,nginx-15.sh,observe,1,warm,0.2659255819999089,0,False,28538,final,True
nginx-analysis,nginx-15.sh,bash,1,cold,0.03897517700170283,0,False,0,,True
nginx-analysis,nginx-15.sh,bash,1,warm,0.02707182900121552,0,False,0,,True
nginx-analysis,nginx-15.sh,try,2,cold,4.3513329649977095,0,False,40018,,True
nginx-analysis,nginx-15.sh,try,2,warm,0.6154865200005588,0,False,40018,,True
nginx-analysis,nginx-15.sh,observe,2,cold,0.26471548400149914,0,False,28538,final,True
nginx-analysis,nginx-15.sh,observe,2,warm,0.19937931899767136,0,False,28538,final,True
nginx-analysis,nginx-15.sh,bash,2,cold,0.04108908199850703,0,False,0,,True
nginx-analysis,nginx-15.sh,bash,2,warm,0.03373759100213647,0,False,0,,True
nginx-analysis,nginx-15.sh,main,2,cold,0.2014663810005004,0,False,20474,,True
nginx-analysis,nginx-15.sh,main,2,warm,0.23189735499909148,0,False,20474,,True
nginx-analysis,nginx-16.sh,bash,0,cold,0.023500446000980446,0,False,0,,True
nginx-analysis,nginx-16.sh,bash,0,warm,0.025043333000212442,0,False,0,,True
nginx-analysis,nginx-16.sh,main,0,cold,0.258962286003225,0,False,21525,,True
nginx-analysis,nginx-16.sh,main,0,warm,0.30899308399966685,0,False,21525,,False
nginx-analysis,nginx-16.sh,try,0,cold,4.7890898719997494,0,False,42120,,True
nginx-analysis,nginx-16.sh,try,0,warm,0.6401121099988814,0,False,42120,,True
nginx-analysis,nginx-16.sh,observe,0,cold,0.21089269100048114,0,False,30172,final,True
nginx-analysis,nginx-16.sh,observe,0,warm,0.3122114079997118,0,False,30172,final,True
nginx-analysis,nginx-16.sh,main,1,cold,0.27997347099881154,0,False,21525,,True
nginx-analysis,nginx-16.sh,main,1,warm,0.18051900199861848,0,False,21525,,True
nginx-analysis,nginx-16.sh,try,1,cold,4.5936660440020205,0,False,42120,,True
nginx-analysis,nginx-16.sh,try,1,warm,0.5477623580009094,0,False,42120,,True
nginx-analysis,nginx-16.sh,observe,1,cold,0.2285512659982487,0,False,30172,final,True
nginx-analysis,nginx-16.sh,observe,1,warm,0.31048979299885104,0,False,30172,final,True
nginx-analysis,nginx-16.sh,bash,1,cold,0.04141726000307244,0,False,0,,True
nginx-analysis,nginx-16.sh,bash,1,warm,0.03972000000067055,0,False,0,,True
nginx-analysis,nginx-16.sh,try,2,cold,4.712466937999125,0,False,42120,,True
nginx-analysis,nginx-16.sh,try,2,warm,0.6103101129992865,0,False,42120,,True
nginx-analysis,nginx-16.sh,observe,2,cold,0.2175038780005707,0,False,30172,final,True
nginx-analysis,nginx-16.sh,observe,2,warm,0.3207550209990586,0,False,30172,final,True
nginx-analysis,nginx-16.sh,bash,2,cold,0.022442566998506663,0,False,0,,True
nginx-analysis,nginx-16.sh,bash,2,warm,0.040001397999731125,0,False,0,,True
nginx-analysis,nginx-16.sh,main,2,cold,0.2854324930012808,0,False,21525,,True
nginx-analysis,nginx-16.sh,main,2,warm,0.23484917400128325,0,False,21525,,True
nginx-analysis,nginx-17.sh,bash,0,cold,0.04328622799948789,0,False,0,,True
nginx-analysis,nginx-17.sh,bash,0,warm,0.03567170099995565,0,False,0,,True
nginx-analysis,nginx-17.sh,main,0,cold,0.25053049300186103,0,False,40204,,True
nginx-analysis,nginx-17.sh,main,0,warm,0.1835237409977708,0,False,40204,,False
nginx-analysis,nginx-17.sh,try,0,cold,5.341801393999049,0,False,63526,,True
nginx-analysis,nginx-17.sh,try,0,warm,0.665366900000663,0,False,63526,,True
nginx-analysis,nginx-17.sh,observe,0,cold,0.3462939720011491,0,False,49624,final,True
nginx-analysis,nginx-17.sh,observe,0,warm,0.2035612809995655,0,False,49624,final,True
nginx-analysis,nginx-17.sh,main,1,cold,0.3064137750006921,0,False,40204,,True
nginx-analysis,nginx-17.sh,main,1,warm,0.1741316600018763,0,False,40204,,False
nginx-analysis,nginx-17.sh,try,1,cold,5.035765041000559,0,False,63526,,True
nginx-analysis,nginx-17.sh,try,1,warm,0.6310312879977573,0,False,63526,,True
nginx-analysis,nginx-17.sh,observe,1,cold,0.2659689289976086,0,False,49624,final,True
nginx-analysis,nginx-17.sh,observe,1,warm,0.19518606899873703,0,False,49624,final,True
nginx-analysis,nginx-17.sh,bash,1,cold,0.04820249499971396,0,False,0,,True
nginx-analysis,nginx-17.sh,bash,1,warm,0.03624371299883933,0,False,0,,True
nginx-analysis,nginx-17.sh,try,2,cold,5.537507307999476,0,False,63526,,True
nginx-analysis,nginx-17.sh,try,2,warm,0.6368351479977719,0,False,63526,,True
nginx-analysis,nginx-17.sh,observe,2,cold,0.291301396999188,0,False,49624,final,True
nginx-analysis,nginx-17.sh,observe,2,warm,0.2857444480032427,0,False,49624,final,True
nginx-analysis,nginx-17.sh,bash,2,cold,0.026884154001891147,0,False,0,,True
nginx-analysis,nginx-17.sh,bash,2,warm,0.03762091600219719,0,False,0,,True
nginx-analysis,nginx-17.sh,main,2,cold,0.3053061440004967,0,False,40204,,True
nginx-analysis,nginx-17.sh,main,2,warm,0.2327487279981142,0,False,40204,,False
nginx-analysis,nginx-18.sh,bash,0,cold,0.02908096899773227,0,False,0,,True
nginx-analysis,nginx-18.sh,bash,0,warm,0.026261271003022557,0,False,0,,True
nginx-analysis,nginx-18.sh,main,0,cold,0.24863794300108566,0,False,65515,,True
nginx-analysis,nginx-18.sh,main,0,warm,0.25896390799971414,0,False,65515,,False
nginx-analysis,nginx-18.sh,try,0,cold,5.5612876089981,0,False,90759,,True
nginx-analysis,nginx-18.sh,try,0,warm,0.7004233209991071,0,False,90759,,True
nginx-analysis,nginx-18.sh,observe,0,cold,0.259911731001921,0,False,75941,final,True
nginx-analysis,nginx-18.sh,observe,0,warm,0.2954233819982619,0,False,75941,final,True
nginx-analysis,nginx-18.sh,main,1,cold,0.2949826320000284,0,False,65515,,True
nginx-analysis,nginx-18.sh,main,1,warm,0.2934691259979445,0,False,65515,,False
nginx-analysis,nginx-18.sh,try,1,cold,5.765865066001425,0,False,90759,,True
nginx-analysis,nginx-18.sh,try,1,warm,0.6418666580029821,0,False,90759,,True
nginx-analysis,nginx-18.sh,observe,1,cold,0.24411277100080042,0,False,75941,final,True
nginx-analysis,nginx-18.sh,observe,1,warm,0.26919682000152534,0,False,75941,final,True
nginx-analysis,nginx-18.sh,bash,1,cold,0.030450481997831957,0,False,0,,True
nginx-analysis,nginx-18.sh,bash,1,warm,0.040583547997812275,0,False,0,,True
nginx-analysis,nginx-18.sh,try,2,cold,5.463675489001616,0,False,90759,,True
nginx-analysis,nginx-18.sh,try,2,warm,0.6679303070013702,0,False,90759,,True
nginx-analysis,nginx-18.sh,observe,2,cold,0.236265805997391,0,False,75941,final,True
nginx-analysis,nginx-18.sh,observe,2,warm,0.3095630860007077,0,False,75941,final,True
nginx-analysis,nginx-18.sh,bash,2,cold,0.050052656999469036,0,False,0,,True
nginx-analysis,nginx-18.sh,bash,2,warm,0.045466429997759406,0,False,0,,True
nginx-analysis,nginx-18.sh,main,2,cold,0.22075590199892758,0,False,65515,,True
nginx-analysis,nginx-18.sh,main,2,warm,0.31337248499767156,0,False,65515,,True
nginx-analysis,nginx-19.sh,bash,0,cold,0.022492875999887474,0,False,0,,True
nginx-analysis,nginx-19.sh,bash,0,warm,0.046889992998330854,0,False,0,,True
nginx-analysis,nginx-19.sh,main,0,cold,0.34810592499707127,0,False,69960,,True
nginx-analysis,nginx-19.sh,main,0,warm,0.18322820699904696,0,False,69960,,False
nginx-analysis,nginx-19.sh,try,0,cold,5.855399740998109,0,False,96051,,True
nginx-analysis,nginx-19.sh,try,0,warm,0.6156741340018925,0,False,96051,,True
nginx-analysis,nginx-19.sh,observe,0,cold,0.24448765099805314,0,False,80785,final,True
nginx-analysis,nginx-19.sh,observe,0,warm,0.3339743840006122,0,False,80785,final,True
nginx-analysis,nginx-19.sh,main,1,cold,0.3618995620017813,0,False,69960,,True
nginx-analysis,nginx-19.sh,main,1,warm,0.27671265399840195,0,False,69960,,False
nginx-analysis,nginx-19.sh,try,1,cold,5.863683679999667,0,False,96051,,True
nginx-analysis,nginx-19.sh,try,1,warm,0.7001087930002541,0,False,96051,,True
nginx-analysis,nginx-19.sh,observe,1,cold,0.3064509590003581,0,False,80785,final,True
nginx-analysis,nginx-19.sh,observe,1,warm,0.22714497199922334,0,False,80785,final,True
nginx-analysis,nginx-19.sh,bash,1,cold,0.04228633900129353,0,False,0,,True
nginx-analysis,nginx-19.sh,bash,1,warm,0.041438874999585096,0,False,0,,True
nginx-analysis,nginx-19.sh,try,2,cold,6.101915518000169,0,False,96051,,True
nginx-analysis,nginx-19.sh,try,2,warm,0.7926585320019512,0,False,96051,,True
nginx-analysis,nginx-19.sh,observe,2,cold,0.26000743999975384,0,False,80785,final,True
nginx-analysis,nginx-19.sh,observe,2,warm,0.381436086998292,0,False,80785,final,True
nginx-analysis,nginx-19.sh,bash,2,cold,0.046979665999970166,0,False,0,,True
nginx-analysis,nginx-19.sh,bash,2,warm,0.04135574600149994,0,False,0,,True
nginx-analysis,nginx-19.sh,main,2,cold,0.28431177599850344,0,False,69960,,True
nginx-analysis,nginx-19.sh,main,2,warm,0.24591330700059189,0,False,69960,,False
nginx-analysis,nginx-2.sh,bash,0,cold,0.01119316299809725,0,False,0,,True
nginx-analysis,nginx-2.sh,bash,0,warm,0.012814866000553593,0,False,0,,True
nginx-analysis,nginx-2.sh,main,0,cold,1.6566003090010781,0,False,174383,,True
nginx-analysis,nginx-2.sh,main,0,warm,0.3758904739988793,0,False,174383,,True
nginx-analysis,nginx-2.sh,try,0,cold,1.4914440840002499,0,False,178642,,True
nginx-analysis,nginx-2.sh,try,0,warm,1.5746504749986343,0,False,349515,,True
nginx-analysis,nginx-2.sh,observe,0,cold,0.15230347200122196,0,False,175375,final,True
nginx-analysis,nginx-2.sh,observe,0,warm,0.17625548500291188,0,False,343877,final,True
nginx-analysis,nginx-2.sh,main,1,cold,1.6889339599983941,0,False,174383,,True
nginx-analysis,nginx-2.sh,main,1,warm,0.37841679399934947,0,False,174383,,False
nginx-analysis,nginx-2.sh,try,1,cold,1.5344438579995767,0,False,178642,,True
nginx-analysis,nginx-2.sh,try,1,warm,1.449331693998829,0,False,349515,,True
nginx-analysis,nginx-2.sh,observe,1,cold,0.15120892699997057,0,False,175375,final,True
nginx-analysis,nginx-2.sh,observe,1,warm,0.15238781600055518,0,False,343877,final,True
nginx-analysis,nginx-2.sh,bash,1,cold,0.00696515099843964,0,False,0,,True
nginx-analysis,nginx-2.sh,bash,1,warm,0.007141720001527574,0,False,0,,True
nginx-analysis,nginx-2.sh,try,2,cold,2.041596811999625,0,False,178642,,True
nginx-analysis,nginx-2.sh,try,2,warm,1.4522221150000405,0,False,349515,,True
nginx-analysis,nginx-2.sh,observe,2,cold,0.17809878199841478,0,False,175375,final,True
nginx-analysis,nginx-2.sh,observe,2,warm,0.26636355799928424,0,False,343877,final,True
nginx-analysis,nginx-2.sh,bash,2,cold,0.007397642999421805,0,False,0,,True
nginx-analysis,nginx-2.sh,bash,2,warm,0.0074817459972109646,0,False,0,,True
nginx-analysis,nginx-2.sh,main,2,cold,1.6761262090003584,0,False,174383,,True
nginx-analysis,nginx-2.sh,main,2,warm,0.31048312300117686,0,False,174383,,False
nginx-analysis,nginx-20.sh,bash,0,cold,0.043339433999790344,0,False,0,,True
nginx-analysis,nginx-20.sh,bash,0,warm,0.05039767300331732,0,False,0,,True
nginx-analysis,nginx-20.sh,main,0,cold,0.3802412639997783,0,False,75072,,True
nginx-analysis,nginx-20.sh,main,0,warm,0.2697512619997724,0,False,75072,,False
nginx-analysis,nginx-20.sh,try,0,cold,6.966057956000441,0,False,106049,,True
nginx-analysis,nginx-20.sh,try,0,warm,0.8533798680000473,0,False,106049,,True
nginx-analysis,nginx-20.sh,observe,0,cold,0.2845554039995477,0,False,87913,final,True
nginx-analysis,nginx-20.sh,observe,0,warm,0.2476211829998647,0,False,87913,final,True
nginx-analysis,nginx-20.sh,main,1,cold,0.2432367580004211,0,False,75072,,True
nginx-analysis,nginx-20.sh,main,1,warm,0.18285309600105393,0,False,75072,,False
nginx-analysis,nginx-20.sh,try,1,cold,6.898974657000508,0,False,106049,,True
nginx-analysis,nginx-20.sh,try,1,warm,0.8354433019994758,0,False,106049,,True
nginx-analysis,nginx-20.sh,observe,1,cold,0.26249554000241915,0,False,87913,final,True
nginx-analysis,nginx-20.sh,observe,1,warm,0.3222123119994649,0,False,87913,final,True
nginx-analysis,nginx-20.sh,bash,1,cold,0.04304578200026299,0,False,0,,True
nginx-analysis,nginx-20.sh,bash,1,warm,0.04401125000003958,0,False,0,,True
nginx-analysis,nginx-20.sh,try,2,cold,6.680373099999997,0,False,106049,,True
nginx-analysis,nginx-20.sh,try,2,warm,0.8163959789999353,0,False,106049,,True
nginx-analysis,nginx-20.sh,observe,2,cold,0.2883609330019681,0,False,87913,final,True
nginx-analysis,nginx-20.sh,observe,2,warm,0.30327726600080496,0,False,87913,final,True
nginx-analysis,nginx-20.sh,bash,2,cold,0.047037919001013506,0,False,0,,True
nginx-analysis,nginx-20.sh,bash,2,warm,0.05081444399911561,0,False,0,,True
nginx-analysis,nginx-20.sh,main,2,cold,0.2687454390033963,0,False,75072,,True
nginx-analysis,nginx-20.sh,main,2,warm,0.3183247329980077,0,False,75072,,False
nginx-analysis,nginx-21.sh,bash,0,cold,0.052345755000715144,0,False,0,,True
nginx-analysis,nginx-21.sh,bash,0,warm,0.048426795001432765,0,False,0,,True
nginx-analysis,nginx-21.sh,main,0,cold,0.2371495990009862,0,False,75072,,True
nginx-analysis,nginx-21.sh,main,0,warm,0.318452941999567,0,False,75072,,False
nginx-analysis,nginx-21.sh,try,0,cold,7.043093937998492,0,False,106049,,True
nginx-analysis,nginx-21.sh,try,0,warm,0.9174180689988134,0,False,106049,,True
nginx-analysis,nginx-21.sh,observe,0,cold,0.2701187200000277,0,False,87913,final,True
nginx-analysis,nginx-21.sh,observe,0,warm,0.21720063099928666,0,False,87913,final,True
nginx-analysis,nginx-21.sh,main,1,cold,0.3164810509988456,0,False,75072,,True
nginx-analysis,nginx-21.sh,main,1,warm,0.21221917399816448,0,False,75072,,False
nginx-analysis,nginx-21.sh,try,1,cold,6.807935787001043,0,False,106049,,True
nginx-analysis,nginx-21.sh,try,1,warm,0.837870886996825,0,False,106049,,True
nginx-analysis,nginx-21.sh,observe,1,cold,0.2725933250003436,0,False,87913,final,True
nginx-analysis,nginx-21.sh,observe,1,warm,0.21616841499781003,0,False,87913,final,True
nginx-analysis,nginx-21.sh,bash,1,cold,0.05690811699969345,0,False,0,,True
nginx-analysis,nginx-21.sh,bash,1,warm,0.05599619499844266,0,False,0,,True
nginx-analysis,nginx-21.sh,try,2,cold,6.8751409979995515,0,False,106049,,True
nginx-analysis,nginx-21.sh,try,2,warm,0.8359984259986959,0,False,106049,,True
nginx-analysis,nginx-21.sh,observe,2,cold,0.31446027400306775,0,False,87913,final,True
nginx-analysis,nginx-21.sh,observe,2,warm,0.21737147100066068,0,False,87913,final,True
nginx-analysis,nginx-21.sh,bash,2,cold,0.026644330999261,0,False,0,,True
nginx-analysis,nginx-21.sh,bash,2,warm,0.049203394999494776,0,False,0,,True
nginx-analysis,nginx-21.sh,main,2,cold,0.23590686799798277,0,False,75072,,True
nginx-analysis,nginx-21.sh,main,2,warm,0.27536128900101176,0,False,75072,,False
nginx-analysis,nginx-22.sh,bash,0,cold,0.03734600600000704,0,False,0,,True
nginx-analysis,nginx-22.sh,bash,0,warm,0.03724000199872535,0,False,0,,True
nginx-analysis,nginx-22.sh,main,0,cold,0.2812592389964266,0,False,75072,,True
nginx-analysis,nginx-22.sh,main,0,warm,0.19045789099982358,0,False,75072,,False
nginx-analysis,nginx-22.sh,try,0,cold,7.2781097480001335,0,False,106049,,True
nginx-analysis,nginx-22.sh,try,0,warm,0.9774824230007653,0,False,106049,,True
nginx-analysis,nginx-22.sh,observe,0,cold,0.32282825600123033,0,False,87913,final,True
nginx-analysis,nginx-22.sh,observe,0,warm,0.2174164190000738,0,False,87913,final,True
nginx-analysis,nginx-22.sh,main,1,cold,0.35721958100111806,0,False,75072,,True
nginx-analysis,nginx-22.sh,main,1,warm,0.28861253099967143,0,False,75072,,False
nginx-analysis,nginx-22.sh,try,1,cold,7.4501183060019684,0,False,106049,,True
nginx-analysis,nginx-22.sh,try,1,warm,0.9522727969997504,0,False,106049,,True
nginx-analysis,nginx-22.sh,observe,1,cold,0.28901520799990976,0,False,87913,final,True
nginx-analysis,nginx-22.sh,observe,1,warm,0.21644623300016974,0,False,87913,final,True
nginx-analysis,nginx-22.sh,bash,1,cold,0.03184850499746972,0,False,0,,True
nginx-analysis,nginx-22.sh,bash,1,warm,0.04941373000110616,0,False,0,,True
nginx-analysis,nginx-22.sh,try,2,cold,7.288934659998631,0,False,106049,,True
nginx-analysis,nginx-22.sh,try,2,warm,0.8497292760002892,0,False,106049,,True
nginx-analysis,nginx-22.sh,observe,2,cold,0.2717087060009362,0,False,87913,final,True
nginx-analysis,nginx-22.sh,observe,2,warm,0.21589448799932143,0,False,87913,final,True
nginx-analysis,nginx-22.sh,bash,2,cold,0.04317031199752819,0,False,0,,True
nginx-analysis,nginx-22.sh,bash,2,warm,0.05773340399900917,0,False,0,,True
nginx-analysis,nginx-22.sh,main,2,cold,0.38373854200108326,0,False,75072,,True
nginx-analysis,nginx-22.sh,main,2,warm,0.2611357860005228,0,False,75072,,False
nginx-analysis,nginx-3.sh,bash,0,cold,0.012812370998290135,0,False,0,,True
nginx-analysis,nginx-3.sh,bash,0,warm,0.01382662700052606,0,False,0,,True
nginx-analysis,nginx-3.sh,main,0,cold,1.7202131610029028,0,False,176181,,True
nginx-analysis,nginx-3.sh,main,0,warm,0.4417941409992636,0,False,176181,,False
nginx-analysis,nginx-3.sh,try,0,cold,1.8377993819995027,0,False,181311,,True
nginx-analysis,nginx-3.sh,try,0,warm,1.5918778800005384,0,False,352184,,True
nginx-analysis,nginx-3.sh,observe,0,cold,0.15024231300048996,0,False,177596,final,True
nginx-analysis,nginx-3.sh,observe,0,warm,0.1642648619999818,0,False,346098,final,True
nginx-analysis,nginx-3.sh,main,1,cold,1.7859239839999645,0,False,176181,,True
nginx-analysis,nginx-3.sh,main,1,warm,0.34014702499916893,0,False,176181,,False
nginx-analysis,nginx-3.sh,try,1,cold,1.822176080000645,0,False,181311,,True
nginx-analysis,nginx-3.sh,try,1,warm,1.6664446540016797,0,False,352184,,True
nginx-analysis,nginx-3.sh,observe,1,cold,0.16142151999883936,0,False,177596,final,True
nginx-analysis,nginx-3.sh,observe,1,warm,0.1812870899993868,0,False,346098,final,True
nginx-analysis,nginx-3.sh,bash,1,cold,0.014224145001207944,0,False,0,,True
nginx-analysis,nginx-3.sh,bash,1,warm,0.012864923002780415,0,False,0,,True
nginx-analysis,nginx-3.sh,try,2,cold,1.7991538379974372,0,False,181311,,True
nginx-analysis,nginx-3.sh,try,2,warm,1.691478119999374,0,False,352184,,True
nginx-analysis,nginx-3.sh,observe,2,cold,0.16471712900238344,0,False,177596,final,True
nginx-analysis,nginx-3.sh,observe,2,warm,0.14296081000065897,0,False,346098,final,True
nginx-analysis,nginx-3.sh,bash,2,cold,0.011776159000874031,0,False,0,,True
nginx-analysis,nginx-3.sh,bash,2,warm,0.01399194300029194,0,False,0,,True
nginx-analysis,nginx-3.sh,main,2,cold,1.6513276289988426,0,False,176181,,True
nginx-analysis,nginx-3.sh,main,2,warm,0.3489316230006807,0,False,176181,,False
nginx-analysis,nginx-4.sh,bash,0,cold,0.01170437399923685,0,False,0,,True
nginx-analysis,nginx-4.sh,bash,0,warm,0.014721626001119148,0,False,0,,True
nginx-analysis,nginx-4.sh,main,0,cold,1.6278449080018618,0,False,176331,,True
nginx-analysis,nginx-4.sh,main,0,warm,0.3629301729997678,0,False,176331,,False
nginx-analysis,nginx-4.sh,try,0,cold,1.8750815280000097,0,False,182308,,True
nginx-analysis,nginx-4.sh,try,0,warm,1.9255858209980943,0,False,353181,,True
nginx-analysis,nginx-4.sh,observe,0,cold,0.16089154399742256,0,False,178145,final,True
nginx-analysis,nginx-4.sh,observe,0,warm,0.15684853099810425,0,False,346647,final,True
nginx-analysis,nginx-4.sh,main,1,cold,1.7104080070021155,0,False,176331,,True
nginx-analysis,nginx-4.sh,main,1,warm,0.3193854390010529,0,False,176331,,False
nginx-analysis,nginx-4.sh,try,1,cold,2.0187039759985055,0,False,182308,,True
nginx-analysis,nginx-4.sh,try,1,warm,2.165369868998823,0,False,353181,,True
nginx-analysis,nginx-4.sh,observe,1,cold,0.17527397899903008,0,False,178145,final,True
nginx-analysis,nginx-4.sh,observe,1,warm,0.14701798199894256,0,False,346647,final,True
nginx-analysis,nginx-4.sh,bash,1,cold,0.012872364997747354,0,False,0,,True
nginx-analysis,nginx-4.sh,bash,1,warm,0.01592809700014186,0,False,0,,True
nginx-analysis,nginx-4.sh,try,2,cold,1.9449056459998246,0,False,182308,,True
nginx-analysis,nginx-4.sh,try,2,warm,2.188307865002571,0,False,353181,,True
nginx-analysis,nginx-4.sh,observe,2,cold,0.16772792499978095,0,False,178145,final,True
nginx-analysis,nginx-4.sh,observe,2,warm,0.16418361899923184,0,False,346647,final,True
nginx-analysis,nginx-4.sh,bash,2,cold,0.01406549800231005,0,False,0,,True
nginx-analysis,nginx-4.sh,bash,2,warm,0.011756156000046758,0,False,0,,True
nginx-analysis,nginx-4.sh,main,2,cold,2.217339462997188,0,False,176331,,True
nginx-analysis,nginx-4.sh,main,2,warm,0.4057698590004293,0,False,176331,,False
nginx-analysis,nginx-5.sh,bash,0,cold,0.008199167001293972,0,False,0,,True
nginx-analysis,nginx-5.sh,bash,0,warm,0.012322936003329232,0,False,0,,True
nginx-analysis,nginx-5.sh,main,0,cold,0.14744732799954363,0,False,4802,,True
nginx-analysis,nginx-5.sh,main,0,warm,0.14253366800039657,0,False,4802,,True
nginx-analysis,nginx-5.sh,try,0,cold,1.0706131499973708,0,False,8637,,True
nginx-analysis,nginx-5.sh,try,0,warm,0.17693541300104698,0,False,8637,,True
nginx-analysis,nginx-5.sh,observe,0,cold,0.1393325110002479,0,False,6235,final,True
nginx-analysis,nginx-5.sh,observe,0,warm,0.14314796300095622,0,False,6235,final,True
nginx-analysis,nginx-5.sh,main,1,cold,0.1401220010011457,0,False,4802,,True
nginx-analysis,nginx-5.sh,main,1,warm,0.15508092000163742,0,False,4802,,True
nginx-analysis,nginx-5.sh,try,1,cold,0.9401417480003147,0,False,8637,,True
nginx-analysis,nginx-5.sh,try,1,warm,0.17847319599968614,0,False,8637,,True
nginx-analysis,nginx-5.sh,observe,1,cold,0.145913232001476,0,False,6235,final,True
nginx-analysis,nginx-5.sh,observe,1,warm,0.13753111500045634,0,False,6235,final,True
nginx-analysis,nginx-5.sh,bash,1,cold,0.008268040997791104,0,False,0,,True
nginx-analysis,nginx-5.sh,bash,1,warm,0.010267760000715498,0,False,0,,True
nginx-analysis,nginx-5.sh,try,2,cold,1.0160091020006803,0,False,8637,,True
nginx-analysis,nginx-5.sh,try,2,warm,0.18337580099978368,0,False,8637,,True
nginx-analysis,nginx-5.sh,observe,2,cold,0.16671416299868724,0,False,6235,final,True
nginx-analysis,nginx-5.sh,observe,2,warm,0.13694372300233226,0,False,6235,final,True
nginx-analysis,nginx-5.sh,bash,2,cold,0.012257473998033674,0,False,0,,True
nginx-analysis,nginx-5.sh,bash,2,warm,0.007880317996750819,0,False,0,,True
nginx-analysis,nginx-5.sh,main,2,cold,0.15087625399974058,0,False,4802,,True
nginx-analysis,nginx-5.sh,main,2,warm,0.27715691900084494,0,False,4802,,True
nginx-analysis,nginx-6.sh,bash,0,cold,0.010095307003211929,0,False,0,,True
nginx-analysis,nginx-6.sh,bash,0,warm,0.009132488001341699,0,False,0,,True
nginx-analysis,nginx-6.sh,main,0,cold,0.15135389099668828,0,False,9855,,True
nginx-analysis,nginx-6.sh,main,0,warm,0.12969589999920572,0,False,9855,,True
nginx-analysis,nginx-6.sh,try,0,cold,1.3494091860011395,0,False,15807,,True
nginx-analysis,nginx-6.sh,try,0,warm,0.20494667700040736,0,False,15807,,True
nginx-analysis,nginx-6.sh,observe,0,cold,0.16352755499974592,0,False,11899,final,True
nginx-analysis,nginx-6.sh,observe,0,warm,0.15470706599808182,0,False,11899,final,True
nginx-analysis,nginx-6.sh,main,1,cold,0.15809506499863346,0,False,9855,,True
nginx-analysis,nginx-6.sh,main,1,warm,0.1422279019971029,0,False,9855,,True
nginx-analysis,nginx-6.sh,try,1,cold,1.3052592480016756,0,False,15807,,True
nginx-analysis,nginx-6.sh,try,1,warm,0.19724021999718389,0,False,15807,,True
nginx-analysis,nginx-6.sh,observe,1,cold,0.20526556100230664,0,False,11899,final,True
nginx-analysis,nginx-6.sh,observe,1,warm,0.13673620199915604,0,False,11899,final,True
nginx-analysis,nginx-6.sh,bash,1,cold,0.009381310999742709,0,False,0,,True
nginx-analysis,nginx-6.sh,bash,1,warm,0.01103015599801438,0,False,0,,True
nginx-analysis,nginx-6.sh,try,2,cold,1.4056391619997157,0,False,15807,,True
nginx-analysis,nginx-6.sh,try,2,warm,0.19445324399930541,0,False,15807,,True
nginx-analysis,nginx-6.sh,observe,2,cold,0.21922801599794184,0,False,11899,final,True
nginx-analysis,nginx-6.sh,observe,2,warm,0.19673757000055048,0,False,11899,final,True
nginx-analysis,nginx-6.sh,bash,2,cold,0.01443316799850436,0,False,0,,True
nginx-analysis,nginx-6.sh,bash,2,warm,0.01233352700000978,0,False,0,,True
nginx-analysis,nginx-6.sh,main,2,cold,0.1687633530018502,0,False,9855,,True
nginx-analysis,nginx-6.sh,main,2,warm,0.1396572580015345,0,False,9855,,True
nginx-analysis,nginx-7.sh,bash,0,cold,0.01629102999868337,0,False,0,,True
nginx-analysis,nginx-7.sh,bash,0,warm,0.011194688999239588,0,False,0,,True
nginx-analysis,nginx-7.sh,main,0,cold,0.17239330200027325,0,False,11451,,True
nginx-analysis,nginx-7.sh,main,0,warm,0.13343786999757867,0,False,11451,,True
nginx-analysis,nginx-7.sh,try,0,cold,1.679705484999431,0,False,18454,,True
nginx-analysis,nginx-7.sh,try,0,warm,0.3122533240020857,0,False,18454,,True
nginx-analysis,nginx-7.sh,observe,0,cold,0.15891646999807563,0,False,14078,final,True
nginx-analysis,nginx-7.sh,observe,0,warm,0.1926475450018188,0,False,14078,final,True
nginx-analysis,nginx-7.sh,main,1,cold,0.2710551319978549,0,False,11451,,True
nginx-analysis,nginx-7.sh,main,1,warm,0.13688061400171136,0,False,11451,,True
nginx-analysis,nginx-7.sh,try,1,cold,1.5107546729996102,0,False,18454,,True
nginx-analysis,nginx-7.sh,try,1,warm,0.20713525900282548,0,False,18454,,True
nginx-analysis,nginx-7.sh,observe,1,cold,0.16222152000045753,0,False,14078,final,True
nginx-analysis,nginx-7.sh,observe,1,warm,0.16703949799921247,0,False,14078,final,True
nginx-analysis,nginx-7.sh,bash,1,cold,0.01083670500156586,0,False,0,,True
nginx-analysis,nginx-7.sh,bash,1,warm,0.0190998350008158,0,False,0,,True
nginx-analysis,nginx-7.sh,try,2,cold,1.6390274519981176,0,False,18454,,True
nginx-analysis,nginx-7.sh,try,2,warm,0.22807959399870015,0,False,18454,,True
nginx-analysis,nginx-7.sh,observe,2,cold,0.16694657399784774,0,False,14078,final,True
nginx-analysis,nginx-7.sh,observe,2,warm,0.21274448199983453,0,False,14078,final,True
nginx-analysis,nginx-7.sh,bash,2,cold,0.010907309002504917,0,False,0,,True
nginx-analysis,nginx-7.sh,bash,2,warm,0.015761260001454502,0,False,0,,True
nginx-analysis,nginx-7.sh,main,2,cold,0.2156822260003537,0,False,11451,,True
nginx-analysis,nginx-7.sh,main,2,warm,0.12493092200020328,0,False,11451,,True
nginx-analysis,nginx-8.sh,bash,0,cold,0.009440145000553457,0,False,0,,True
nginx-analysis,nginx-8.sh,bash,0,warm,0.009014201001264155,0,False,0,,True
nginx-analysis,nginx-8.sh,main,0,cold,0.15885694099779357,0,False,12975,,True
nginx-analysis,nginx-8.sh,main,0,warm,0.1974706340006378,0,False,12975,,True
nginx-analysis,nginx-8.sh,try,0,cold,1.9681592999986606,0,False,21696,,True
nginx-analysis,nginx-8.sh,try,0,warm,0.2805484199998318,0,False,21696,,True
nginx-analysis,nginx-8.sh,observe,0,cold,0.21260565299962764,0,False,16424,final,True
nginx-analysis,nginx-8.sh,observe,0,warm,0.15787899300266872,0,False,16424,final,True
nginx-analysis,nginx-8.sh,main,1,cold,0.17293317000076058,0,False,12975,,True
nginx-analysis,nginx-8.sh,main,1,warm,0.14807280000241008,0,False,12975,,True
nginx-analysis,nginx-8.sh,try,1,cold,1.9294351550015563,0,False,21696,,True
nginx-analysis,nginx-8.sh,try,1,warm,0.2931698549982684,0,False,21696,,True
nginx-analysis,nginx-8.sh,observe,1,cold,0.14200157899904298,0,False,16424,final,True
nginx-analysis,nginx-8.sh,observe,1,warm,0.19634124100048211,0,False,16424,final,True
nginx-analysis,nginx-8.sh,bash,1,cold,0.01279837000038242,0,False,0,,True
nginx-analysis,nginx-8.sh,bash,1,warm,0.008870595000189496,0,False,0,,True
nginx-analysis,nginx-8.sh,try,2,cold,1.9227426540019223,0,False,21696,,True
nginx-analysis,nginx-8.sh,try,2,warm,0.2946046329998353,0,False,21696,,True
nginx-analysis,nginx-8.sh,observe,2,cold,0.27765732900297735,0,False,16424,final,True
nginx-analysis,nginx-8.sh,observe,2,warm,0.2165960599995742,0,False,16424,final,True
nginx-analysis,nginx-8.sh,bash,2,cold,0.009001537000585813,0,False,0,,True
nginx-analysis,nginx-8.sh,bash,2,warm,0.01865470099801314,0,False,0,,True
nginx-analysis,nginx-8.sh,main,2,cold,0.14518677600062802,0,False,12975,,True
nginx-analysis,nginx-8.sh,main,2,warm,0.1962059910001699,0,False,12975,,False
nginx-analysis,nginx-9.sh,bash,0,cold,0.01564948099985486,0,False,0,,True
nginx-analysis,nginx-9.sh,bash,0,warm,0.017434928002330707,0,False,0,,True
nginx-analysis,nginx-9.sh,main,0,cold,0.2887485569990531,0,False,15874,,True
nginx-analysis,nginx-9.sh,main,0,warm,0.18561543300165795,0,False,15874,,True
nginx-analysis,nginx-9.sh,try,0,cold,2.5369874969983357,0,False,26712,,True
nginx-analysis,nginx-9.sh,try,0,warm,0.29230947399992147,0,False,26712,,True
nginx-analysis,nginx-9.sh,observe,0,cold,0.17359236799893552,0,False,19934,final,True
nginx-analysis,nginx-9.sh,observe,0,warm,0.2239916569997149,0,False,19934,final,True
nginx-analysis,nginx-9.sh,main,1,cold,0.1811926440022944,0,False,15874,,True
nginx-analysis,nginx-9.sh,main,1,warm,0.21889941400149837,0,False,15874,,True
nginx-analysis,nginx-9.sh,try,1,cold,2.538534218001587,0,False,26712,,True
nginx-analysis,nginx-9.sh,try,1,warm,0.3264483359998849,0,False,26712,,True
nginx-analysis,nginx-9.sh,observe,1,cold,0.18535137900107657,0,False,19934,final,True
nginx-analysis,nginx-9.sh,observe,1,warm,0.28256488099941635,0,False,19934,final,True
nginx-analysis,nginx-9.sh,bash,1,cold,0.012158417001046473,0,False,0,,True
nginx-analysis,nginx-9.sh,bash,1,warm,0.0235721030003333,0,False,0,,True
nginx-analysis,nginx-9.sh,try,2,cold,2.3429258299984212,0,False,26712,,True
nginx-analysis,nginx-9.sh,try,2,warm,0.3281350459983514,0,False,26712,,True
nginx-analysis,nginx-9.sh,observe,2,cold,0.17334945699985838,0,False,19934,final,True
nginx-analysis,nginx-9.sh,observe,2,warm,0.26419578900095075,0,False,19934,final,True
nginx-analysis,nginx-9.sh,bash,2,cold,0.01184861000001547,0,False,0,,True
nginx-analysis,nginx-9.sh,bash,2,warm,0.023077190002368297,0,False,0,,True
nginx-analysis,nginx-9.sh,main,2,cold,0.23322670999914408,0,False,15874,,True
nginx-analysis,nginx-9.sh,main,2,warm,0.21794458599833888,0,False,15874,,True
nlp-ngrams,ngrams-1.sh,bash,0,cold,0.013890736998291686,0,False,0,,True
nlp-ngrams,ngrams-1.sh,bash,0,warm,0.02266542299912544,0,False,0,,True
nlp-ngrams,ngrams-1.sh,main,0,cold,1.8160206579996157,0,False,17693,,True
nlp-ngrams,ngrams-1.sh,main,0,warm,0.2627359680009249,0,False,17693,,False
nlp-ngrams,ngrams-1.sh,try,0,cold,2.1492474129991024,0,False,26460,,True
nlp-ngrams,ngrams-1.sh,try,0,warm,1.2485111560017685,0,False,34862,,True
nlp-ngrams,ngrams-1.sh,observe,0,cold,0.1923849889972189,0,False,19235,final,True
nlp-ngrams,ngrams-1.sh,observe,0,warm,0.17044647199872998,0,False,24269,final,True
nlp-ngrams,ngrams-1.sh,main,1,cold,1.86887450499853,0,False,17693,,True
nlp-ngrams,ngrams-1.sh,main,1,warm,0.33601436499884585,0,False,17693,,False
nlp-ngrams,ngrams-1.sh,try,1,cold,2.233178686001338,0,False,26460,,True
nlp-ngrams,ngrams-1.sh,try,1,warm,1.197760062997986,0,False,34862,,True
nlp-ngrams,ngrams-1.sh,observe,1,cold,0.17168550600035815,0,False,19235,final,True
nlp-ngrams,ngrams-1.sh,observe,1,warm,0.23440473500158987,0,False,24269,final,True
nlp-ngrams,ngrams-1.sh,bash,1,cold,0.014429254999413388,0,False,0,,True
nlp-ngrams,ngrams-1.sh,bash,1,warm,0.02582824400087702,0,False,0,,True
nlp-ngrams,ngrams-1.sh,try,2,cold,2.2373427670027013,0,False,26460,,True
nlp-ngrams,ngrams-1.sh,try,2,warm,1.1559520269984205,0,False,34862,,True
nlp-ngrams,ngrams-1.sh,observe,2,cold,0.17459089099793346,0,False,19235,final,True
nlp-ngrams,ngrams-1.sh,observe,2,warm,0.1698985660004837,0,False,24269,final,True
nlp-ngrams,ngrams-1.sh,bash,2,cold,0.021089089001179673,0,False,0,,True
nlp-ngrams,ngrams-1.sh,bash,2,warm,0.023815718999685487,0,False,0,,True
nlp-ngrams,ngrams-1.sh,main,2,cold,1.845222661002481,0,False,17693,,True
nlp-ngrams,ngrams-1.sh,main,2,warm,0.2642991370012169,0,False,17693,,True
nlp-ngrams,ngrams-2.sh,bash,0,cold,0.02382748599848128,0,False,0,,True
nlp-ngrams,ngrams-2.sh,bash,0,warm,0.028868572000646964,0,False,0,,True
nlp-ngrams,ngrams-2.sh,main,0,cold,1.8644752139989578,0,False,36597,,True
nlp-ngrams,ngrams-2.sh,main,0,warm,0.3167281970017939,0,False,36597,,True
nlp-ngrams,ngrams-2.sh,try,0,cold,1.9496690920022957,0,False,47577,,True
nlp-ngrams,ngrams-2.sh,try,0,warm,0.8269925519998651,0,False,64881,,True
nlp-ngrams,ngrams-2.sh,observe,0,cold,0.18023699200057308,0,False,38571,final,True
nlp-ngrams,ngrams-2.sh,observe,0,warm,0.24357147800037637,0,False,51174,final,True
nlp-ngrams,ngrams-2.sh,main,1,cold,1.8495590139973501,0,False,36597,,True
nlp-ngrams,ngrams-2.sh,main,1,warm,0.34221834799973294,0,False,36597,,True
nlp-ngrams,ngrams-2.sh,try,1,cold,1.9249557650000497,0,False,47577,,True
nlp-ngrams,ngrams-2.sh,try,1,warm,0.9045038869990094,0,False,64881,,True
nlp-ngrams,ngrams-2.sh,observe,1,cold,0.20000876400081324,0,False,38571,final,True
nlp-ngrams,ngrams-2.sh,observe,1,warm,0.27482788500128663,0,False,51174,final,True
nlp-ngrams,ngrams-2.sh,bash,1,cold,0.02908376500272425,0,False,0,,True
nlp-ngrams,ngrams-2.sh,bash,1,warm,0.027210592001210898,0,False,0,,True
nlp-ngrams,ngrams-2.sh,try,2,cold,1.977862168001593,0,False,47577,,True
nlp-ngrams,ngrams-2.sh,try,2,warm,1.02763826500086,0,False,64881,,True
nlp-ngrams,ngrams-2.sh,observe,2,cold,0.3143686469993554,0,False,38571,final,True
nlp-ngrams,ngrams-2.sh,observe,2,warm,0.2508797799964668,0,False,51174,final,True
nlp-ngrams,ngrams-2.sh,bash,2,cold,0.022649499998806277,0,False,0,,True
nlp-ngrams,ngrams-2.sh,bash,2,warm,0.028716474000248127,0,False,0,,True
nlp-ngrams,ngrams-2.sh,main,2,cold,1.8931828470012988,0,False,36597,,True
nlp-ngrams,ngrams-2.sh,main,2,warm,0.3002356580000196,0,False,36597,,False
nlp-ngrams,ngrams-3.sh,bash,0,cold,0.02856078900003922,0,False,0,,True
nlp-ngrams,ngrams-3.sh,bash,0,warm,0.03114561299662455,0,False,0,,True
nlp-ngrams,ngrams-3.sh,main,0,cold,1.9266554009991523,0,False,38257,,True
nlp-ngrams,ngrams-3.sh,main,0,warm,0.37583585899847094,0,False,38257,,True
nlp-ngrams,ngrams-3.sh,try,0,cold,2.91374025499681,0,False,51392,,True
nlp-ngrams,ngrams-3.sh,try,0,warm,1.242589601999498,0,False,72511,,True
nlp-ngrams,ngrams-3.sh,observe,0,cold,0.20964697700037505,0,False,41031,final,True
nlp-ngrams,ngrams-3.sh,observe,0,warm,0.18497487299828208,0,False,56094,final,True
nlp-ngrams,ngrams-3.sh,main,1,cold,1.904721201000939,0,False,38257,,True
nlp-ngrams,ngrams-3.sh,main,1,warm,0.3933181050015264,0,False,38257,,True
nlp-ngrams,ngrams-3.sh,try,1,cold,2.5897413169986976,0,False,51392,,True
nlp-ngrams,ngrams-3.sh,try,1,warm,1.1624626869997883,0,False,72511,,True
nlp-ngrams,ngrams-3.sh,observe,1,cold,0.19224982100058696,0,False,41031,final,True
nlp-ngrams,ngrams-3.sh,observe,1,warm,0.25392435699905036,0,False,56094,final,True
nlp-ngrams,ngrams-3.sh,bash,1,cold,0.026096644000062952,0,False,0,,True
nlp-ngrams,ngrams-3.sh,bash,1,warm,0.025869477998639923,0,False,0,,True
nlp-ngrams,ngrams-3.sh,try,2,cold,2.6482622039984562,0,False,51392,,True
nlp-ngrams,ngrams-3.sh,try,2,warm,1.2828232259998913,0,False,72511,,True
nlp-ngrams,ngrams-3.sh,observe,2,cold,0.19955153100090683,0,False,41031,final,True
nlp-ngrams,ngrams-3.sh,observe,2,warm,0.21137564799937536,0,False,56094,final,True
nlp-ngrams,ngrams-3.sh,bash,2,cold,0.02870061100111343,0,False,0,,True
nlp-ngrams,ngrams-3.sh,bash,2,warm,0.03137694999895757,0,False,0,,True
nlp-ngrams,ngrams-3.sh,main,2,cold,1.8762139360005676,0,False,38257,,True
nlp-ngrams,ngrams-3.sh,main,2,warm,0.27533804700215114,0,False,38257,,False
nlp-uppercase,uppercase_by_token.sh,bash,0,cold,0.0144874229990819,0,False,0,,True
nlp-uppercase,uppercase_by_token.sh,bash,0,warm,0.011837949998152908,0,False,0,,True
nlp-uppercase,uppercase_by_token.sh,main,0,cold,0.7516654749997542,0,False,8237,,True
nlp-uppercase,uppercase_by_token.sh,main,0,warm,0.2054551920009544,0,False,8237,,True
nlp-uppercase,uppercase_by_token.sh,try,0,cold,1.3608876449980016,0,False,14874,,True
nlp-uppercase,uppercase_by_token.sh,try,0,warm,0.23423595799977193,0,False,15753,,True
nlp-uppercase,uppercase_by_token.sh,observe,0,cold,0.22915278900109115,0,False,9681,final,True
nlp-uppercase,uppercase_by_token.sh,observe,0,warm,0.18991475499933586,0,False,9681,final,True
nlp-uppercase,uppercase_by_token.sh,main,1,cold,0.8761303930004942,0,False,8237,,True
nlp-uppercase,uppercase_by_token.sh,main,1,warm,0.14503830000103335,0,False,8237,,True
nlp-uppercase,uppercase_by_token.sh,try,1,cold,1.4541230719987652,0,False,14874,,True
nlp-uppercase,uppercase_by_token.sh,try,1,warm,0.2836530069980654,0,False,15753,,True
nlp-uppercase,uppercase_by_token.sh,observe,1,cold,0.2301203169990913,0,False,9681,final,True
nlp-uppercase,uppercase_by_token.sh,observe,1,warm,0.20956952500273474,0,False,9681,final,True
nlp-uppercase,uppercase_by_token.sh,bash,1,cold,0.017353639002976706,0,False,0,,True
nlp-uppercase,uppercase_by_token.sh,bash,1,warm,0.014746549997653347,0,False,0,,True
nlp-uppercase,uppercase_by_token.sh,try,2,cold,1.4325804600011907,0,False,14874,,True
nlp-uppercase,uppercase_by_token.sh,try,2,warm,0.20853977099977783,0,False,15753,,True
nlp-uppercase,uppercase_by_token.sh,observe,2,cold,0.16255830299996887,0,False,9681,final,True
nlp-uppercase,uppercase_by_token.sh,observe,2,warm,0.21374898799695075,0,False,9681,final,True
nlp-uppercase,uppercase_by_token.sh,bash,2,cold,0.009944078003172763,0,False,0,,True
nlp-uppercase,uppercase_by_token.sh,bash,2,warm,0.009868116001598537,0,False,0,,True
nlp-uppercase,uppercase_by_token.sh,main,2,cold,0.7385720659985964,0,False,8237,,True
nlp-uppercase,uppercase_by_token.sh,main,2,warm,0.14332308500161162,0,False,8237,,True
nlp-uppercase,uppercase_by_type.sh,bash,0,cold,0.01772550500027137,0,False,0,,True
nlp-uppercase,uppercase_by_type.sh,bash,0,warm,0.01364337599807186,0,False,0,,True
nlp-uppercase,uppercase_by_type.sh,main,0,cold,0.8025326060014777,0,False,10557,,True
nlp-uppercase,uppercase_by_type.sh,main,0,warm,0.15385427000001073,0,False,10557,,False
nlp-uppercase,uppercase_by_type.sh,try,0,cold,1.6410537770025257,0,False,18041,,True
nlp-uppercase,uppercase_by_type.sh,try,0,warm,0.21297562000108883,0,False,18920,,True
nlp-uppercase,uppercase_by_type.sh,observe,0,cold,0.1549286139998003,0,False,12400,final,True
nlp-uppercase,uppercase_by_type.sh,observe,0,warm,0.19801501099937013,0,False,12400,final,True
nlp-uppercase,uppercase_by_type.sh,main,1,cold,0.8426630409994686,0,False,10557,,True
nlp-uppercase,uppercase_by_type.sh,main,1,warm,0.15308463900146307,0,False,10557,,True
nlp-uppercase,uppercase_by_type.sh,try,1,cold,1.4714812070014887,0,False,18041,,True
nlp-uppercase,uppercase_by_type.sh,try,1,warm,0.2336622709990479,0,False,18920,,True
nlp-uppercase,uppercase_by_type.sh,observe,1,cold,0.22512539599847514,0,False,12400,final,True
nlp-uppercase,uppercase_by_type.sh,observe,1,warm,0.15104321300168522,0,False,12400,final,True
nlp-uppercase,uppercase_by_type.sh,bash,1,cold,0.009468885000387672,0,False,0,,True
nlp-uppercase,uppercase_by_type.sh,bash,1,warm,0.009603980997781036,0,False,0,,True
nlp-uppercase,uppercase_by_type.sh,try,2,cold,1.6848361440024746,0,False,18041,,True
nlp-uppercase,uppercase_by_type.sh,try,2,warm,0.2611410800018348,0,False,18920,,True
nlp-uppercase,uppercase_by_type.sh,observe,2,cold,0.23015276799924322,0,False,12400,final,True
nlp-uppercase,uppercase_by_type.sh,observe,2,warm,0.2155590590009524,0,False,12400,final,True
nlp-uppercase,uppercase_by_type.sh,bash,2,cold,0.00924108799881651,0,False,0,,True
nlp-uppercase,uppercase_by_type.sh,bash,2,warm,0.015047420998598682,0,False,0,,True
nlp-uppercase,uppercase_by_type.sh,main,2,cold,0.8232401389977895,0,False,10557,,True
nlp-uppercase,uppercase_by_type.sh,main,2,warm,0.19434868400276173,0,False,10557,,True
poet,poet-1.sh,bash,0,cold,0.013343192000320414,0,False,0,,True
poet,poet-1.sh,bash,0,warm,0.013343237998924451,0,False,0,,True
poet,poet-1.sh,main,0,cold,0.14479650200155447,0,False,17711,,True
poet,poet-1.sh,main,0,warm,0.24622943099893746,0,False,17711,,True
poet,poet-1.sh,try,0,cold,0.8518651090016647,0,False,21962,,True
poet,poet-1.sh,try,0,warm,0.2470917909995478,0,False,21962,,True
poet,poet-1.sh,observe,0,cold,0.27480352700149524,0,False,19202,final,True
poet,poet-1.sh,observe,0,warm,0.13791525800115778,0,False,19202,final,True
poet,poet-1.sh,main,1,cold,0.1724081259999366,0,False,17711,,True
poet,poet-1.sh,main,1,warm,0.13145026400161441,0,False,17711,,True
poet,poet-1.sh,try,1,cold,0.811538695001218,0,False,21962,,True
poet,poet-1.sh,try,1,warm,0.17498691199944005,0,False,21962,,True
poet,poet-1.sh,observe,1,cold,0.1571023399992555,0,False,19202,final,True
poet,poet-1.sh,observe,1,warm,0.15213561199925607,0,False,19202,final,True
poet,poet-1.sh,bash,1,cold,0.012777980999089777,0,False,0,,True
poet,poet-1.sh,bash,1,warm,0.01164968100056285,0,False,0,,True
poet,poet-1.sh,try,2,cold,0.760938804000034,0,False,21962,,True
poet,poet-1.sh,try,2,warm,0.16396601399901556,0,False,21962,,True
poet,poet-1.sh,observe,2,cold,0.14742934099922422,0,False,19202,final,True
poet,poet-1.sh,observe,2,warm,0.23928886099747615,0,False,19202,final,True
poet,poet-1.sh,bash,2,cold,0.013235786002042005,0,False,0,,True
poet,poet-1.sh,bash,2,warm,0.012273479002033127,0,False,0,,True
poet,poet-1.sh,main,2,cold,0.16327195199846756,0,False,17711,,True
poet,poet-1.sh,main,2,warm,0.1346598800009815,0,False,17711,,True
poet,poet-2.sh,bash,0,cold,0.01230016100089415,0,False,0,,True
poet,poet-2.sh,bash,0,warm,0.012416120000125375,0,False,0,,True
poet,poet-2.sh,main,0,cold,0.15868227399914758,0,False,21171,,True
poet,poet-2.sh,main,0,warm,0.13919761299985112,0,False,21171,,True
poet,poet-2.sh,try,0,cold,1.2655210530028853,0,False,26644,,True
poet,poet-2.sh,try,0,warm,0.1837807019983302,0,False,26644,,True
poet,poet-2.sh,observe,0,cold,0.23774223899818026,0,False,22078,final,True
poet,poet-2.sh,observe,0,warm,0.14261482999791042,0,False,22078,final,True
poet,poet-2.sh,main,1,cold,0.14915579999797046,0,False,21171,,True
poet,poet-2.sh,main,1,warm,0.13528996899913182,0,False,21171,,True
poet,poet-2.sh,try,1,cold,1.356997944003524,0,False,26644,,True
poet,poet-2.sh,try,1,warm,0.19232452799769817,0,False,26644,,True
poet,poet-2.sh,observe,1,cold,0.3023741350007185,0,False,22078,final,True
poet,poet-2.sh,observe,1,warm,0.13873580599829438,0,False,22078,final,True
poet,poet-2.sh,bash,1,cold,0.012607289001607569,0,False,0,,True
poet,poet-2.sh,bash,1,warm,0.011980800998571794,0,False,0,,True
poet,poet-2.sh,try,2,cold,1.2126978950000193,0,False,26644,,True
poet,poet-2.sh,try,2,warm,0.19675154400101746,0,False,26644,,True
poet,poet-2.sh,observe,2,cold,0.15541519000180415,0,False,22078,final,True
poet,poet-2.sh,observe,2,warm,0.14921046200106503,0,False,22078,final,True
poet,poet-2.sh,bash,2,cold,0.008490880998579087,0,False,0,,True
poet,poet-2.sh,bash,2,warm,0.013587294997705612,0,False,0,,True
poet,poet-2.sh,main,2,cold,0.1885446630003571,0,False,21171,,True
poet,poet-2.sh,main,2,warm,0.14440745600222726,0,False,21171,,True
poet,poet-3.sh,bash,0,cold,0.009978174999559997,0,False,0,,True
poet,poet-3.sh,bash,0,warm,0.0169080479972763,0,False,0,,True
poet,poet-3.sh,main,0,cold,0.17785954599821707,0,False,23491,,True
poet,poet-3.sh,main,0,warm,0.20586642500347807,0,False,23491,,True
poet,poet-3.sh,try,0,cold,1.7592217159981374,0,False,29811,,True
poet,poet-3.sh,try,0,warm,0.2375545430004422,0,False,29811,,True
poet,poet-3.sh,observe,0,cold,0.18018199700236437,0,False,24797,final,True
poet,poet-3.sh,observe,0,warm,0.28585592699892004,0,False,24797,final,True
poet,poet-3.sh,main,1,cold,0.14556253199771163,0,False,23491,,True
poet,poet-3.sh,main,1,warm,0.14417497900285525,0,False,23491,,True
poet,poet-3.sh,try,1,cold,1.7299434439992183,0,False,29811,,True
poet,poet-3.sh,try,1,warm,0.21100634500180604,0,False,29811,,True
poet,poet-3.sh,observe,1,cold,0.19684863000293262,0,False,24797,final,True
poet,poet-3.sh,observe,1,warm,0.18890326600012486,0,False,24797,final,True
poet,poet-3.sh,bash,1,cold,0.01871257700258866,0,False,0,,True
poet,poet-3.sh,bash,1,warm,0.0167245640004694,0,False,0,,True
poet,poet-3.sh,try,2,cold,1.7797144359974482,0,False,29811,,True
poet,poet-3.sh,try,2,warm,0.2283560159994522,0,False,29811,,True
poet,poet-3.sh,observe,2,cold,0.15806342599898926,0,False,24797,final,True
poet,poet-3.sh,observe,2,warm,0.20238263599821948,0,False,24797,final,True
poet,poet-3.sh,bash,2,cold,0.015285077999578789,0,False,0,,True
poet,poet-3.sh,bash,2,warm,0.01674353899943526,0,False,0,,True
poet,poet-3.sh,main,2,cold,0.15659958900141646,0,False,23491,,True
poet,poet-3.sh,main,2,warm,0.13595468499988783,0,False,23491,,True
poet,poet-4.sh,bash,0,cold,0.023477907001506537,0,False,0,,True
poet,poet-4.sh,bash,0,warm,0.02276453800004674,0,False,0,,True
poet,poet-4.sh,main,0,cold,0.1617285489992355,0,False,30451,,True
poet,poet-4.sh,main,0,warm,0.21387663000132306,0,False,30451,,True
poet,poet-4.sh,try,0,cold,2.1758810409992293,0,False,37666,,True
poet,poet-4.sh,try,0,warm,0.23285088500051643,0,False,37666,,True
poet,poet-4.sh,observe,0,cold,0.18422164600269753,0,False,32204,final,True
poet,poet-4.sh,observe,0,warm,0.22202477799874032,0,False,32204,final,True
poet,poet-4.sh,main,1,cold,0.14995775200077333,0,False,30451,,True
poet,poet-4.sh,main,1,warm,0.1611024849989917,0,False,30451,,True
poet,poet-4.sh,try,1,cold,2.2554627080025966,0,False,37666,,True
poet,poet-4.sh,try,1,warm,0.2961912870014203,0,False,37666,,True
poet,poet-4.sh,observe,1,cold,0.2813410590024432,0,False,32204,final,True
poet,poet-4.sh,observe,1,warm,0.17256418399847462,0,False,32204,final,True
poet,poet-4.sh,bash,1,cold,0.011300715999823296,0,False,0,,True
poet,poet-4.sh,bash,1,warm,0.022575448998395586,0,False,0,,True
poet,poet-4.sh,try,2,cold,2.2184077780002553,0,False,37666,,True
poet,poet-4.sh,try,2,warm,0.23018206100095995,0,False,37666,,True
poet,poet-4.sh,observe,2,cold,0.17791552700145985,0,False,32204,final,True
poet,poet-4.sh,observe,2,warm,0.1753391130005184,0,False,32204,final,True
poet,poet-4.sh,bash,2,cold,0.01592172199889319,0,False,0,,True
poet,poet-4.sh,bash,2,warm,0.018093168997438625,0,False,0,,True
poet,poet-4.sh,main,2,cold,0.26626682900314336,0,False,30451,,True
poet,poet-4.sh,main,2,warm,0.1464251420002256,0,False,30451,,True
spell,spell-1.sh,bash,0,cold,0.008986885000922484,0,False,0,,True
spell,spell-1.sh,bash,0,warm,0.008369677001610398,0,False,0,,True
spell,spell-1.sh,main,0,cold,0.13867034600116313,0,False,8509,,True
spell,spell-1.sh,main,0,warm,0.174842559001263,0,False,8509,,True
spell,spell-1.sh,try,0,cold,0.8797096660018724,0,False,13227,,True
spell,spell-1.sh,try,0,warm,0.1587956250004936,0,False,13227,,True
spell,spell-1.sh,observe,0,cold,0.14469484700020985,0,False,8893,final,True
spell,spell-1.sh,observe,0,warm,0.14798032799808425,0,False,8893,final,True
spell,spell-1.sh,main,1,cold,0.13933069100312423,0,False,8509,,True
spell,spell-1.sh,main,1,warm,0.2007348400002229,0,False,8509,,True
spell,spell-1.sh,try,1,cold,0.7311536039997009,0,False,13227,,True
spell,spell-1.sh,try,1,warm,0.20835811200231547,0,False,13227,,True
spell,spell-1.sh,observe,1,cold,0.14471606900042389,0,False,8893,final,True
spell,spell-1.sh,observe,1,warm,0.13875431799897342,0,False,8893,final,True
spell,spell-1.sh,bash,1,cold,0.006485081001301296,0,False,0,,True
spell,spell-1.sh,bash,1,warm,0.010096038000483532,0,False,0,,True
spell,spell-1.sh,try,2,cold,0.8756019969987392,0,False,13227,,True
spell,spell-1.sh,try,2,warm,0.16228469500128995,0,False,13227,,True
spell,spell-1.sh,observe,2,cold,0.1409056470001815,0,False,8893,final,True
spell,spell-1.sh,observe,2,warm,0.14357622299939976,0,False,8893,final,True
spell,spell-1.sh,bash,2,cold,0.00533909400110133,0,False,0,,True
spell,spell-1.sh,bash,2,warm,0.009589361998223467,0,False,0,,True
spell,spell-1.sh,main,2,cold,0.14871016100005363,0,False,8509,,True
spell,spell-1.sh,main,2,warm,0.19748416800212,0,False,8509,,True
spell,spell-2.sh,bash,0,cold,0.0073887030011974275,0,False,0,,True
spell,spell-2.sh,bash,0,warm,0.010857048000616487,0,False,0,,True
spell,spell-2.sh,main,0,cold,0.5411439649979002,0,False,15233,,True
spell,spell-2.sh,main,0,warm,0.14522904800105607,0,False,15233,,True
spell,spell-2.sh,try,0,cold,0.9330414239993843,0,False,20585,,True
spell,spell-2.sh,try,0,warm,0.19481103799989796,0,False,20585,,True
spell,spell-2.sh,observe,0,cold,0.15057028500086744,0,False,15803,final,True
spell,spell-2.sh,observe,0,warm,0.13568536399907316,0,False,15803,final,True
spell,spell-2.sh,main,1,cold,0.5422101740005019,0,False,15233,,True
spell,spell-2.sh,main,1,warm,0.14552689899937832,0,False,15233,,False
spell,spell-2.sh,try,1,cold,0.8822741039984976,0,False,20585,,True
spell,spell-2.sh,try,1,warm,0.17430720700212987,0,False,20585,,True
spell,spell-2.sh,observe,1,cold,0.14920812900163583,0,False,15803,final,True
spell,spell-2.sh,observe,1,warm,0.13919104099841206,0,False,15803,final,True
spell,spell-2.sh,bash,1,cold,0.009288441000535386,0,False,0,,True
spell,spell-2.sh,bash,1,warm,0.011373582001397153,0,False,0,,True
spell,spell-2.sh,try,2,cold,0.9863349100014602,0,False,20585,,True
spell,spell-2.sh,try,2,warm,0.18294626900024014,0,False,20585,,True
spell,spell-2.sh,observe,2,cold,0.15780029800225748,0,False,15803,final,True
spell,spell-2.sh,observe,2,warm,0.13701697400028934,0,False,15803,final,True
spell,spell-2.sh,bash,2,cold,0.011411204999603797,0,False,0,,True
spell,spell-2.sh,bash,2,warm,0.009400418999575777,0,False,0,,True
spell,spell-2.sh,main,2,cold,0.5904161849975935,0,False,15233,,True
spell,spell-2.sh,main,2,warm,0.1291892219996953,0,False,15233,,True
spell,spell-3.sh,bash,0,cold,0.01180911799747264,0,False,0,,True
spell,spell-3.sh,bash,0,warm,0.008527709000190953,0,False,0,,True
spell,spell-3.sh,main,0,cold,0.7009061839999049,0,False,18438,,True
spell,spell-3.sh,main,0,warm,0.12794411499999114,0,False,18438,,True
spell,spell-3.sh,try,0,cold,1.0587286910013063,0,False,23814,,True
spell,spell-3.sh,try,0,warm,0.22415994800030603,0,False,23814,,True
spell,spell-3.sh,observe,0,cold,0.2830132820017752,0,False,19032,final,True
spell,spell-3.sh,observe,0,warm,0.14001692300007562,0,False,19032,final,True
spell,spell-3.sh,main,1,cold,0.5528549039991049,0,False,18438,,True
spell,spell-3.sh,main,1,warm,0.13811767100196448,0,False,18438,,True
spell,spell-3.sh,try,1,cold,1.0775937760008674,0,False,23814,,True
spell,spell-3.sh,try,1,warm,0.2238323390010919,0,False,23814,,True
spell,spell-3.sh,observe,1,cold,0.1466796519998752,0,False,19032,final,True
spell,spell-3.sh,observe,1,warm,0.16966418100128067,0,False,19032,final,True
spell,spell-3.sh,bash,1,cold,0.010887919001106638,0,False,0,,True
spell,spell-3.sh,bash,1,warm,0.008642226999654667,0,False,0,,True
spell,spell-3.sh,try,2,cold,0.9640484000010474,0,False,23814,,True
spell,spell-3.sh,try,2,warm,0.1765974219997588,0,False,23814,,True
spell,spell-3.sh,observe,2,cold,0.15366251899831695,0,False,19032,final,True
spell,spell-3.sh,observe,2,warm,0.16794533400025102,0,False,19032,final,True
spell,spell-3.sh,bash,2,cold,0.01144614700024249,0,False,0,,True
spell,spell-3.sh,bash,2,warm,0.01186892199984868,0,False,0,,True
spell,spell-3.sh,main,2,cold,0.7226910729987139,0,False,18438,,True
spell,spell-3.sh,main,2,warm,0.1418259339989163,0,False,18438,,False
spell,spell-4.sh,bash,0,cold,0.00648094099960872,0,False,0,,True
spell,spell-4.sh,bash,0,warm,0.011009138001099927,0,False,0,,True
spell,spell-4.sh,main,0,cold,0.6149639020004543,0,False,21643,,True
spell,spell-4.sh,main,0,warm,0.24746053600028972,0,False,21643,,False
spell,spell-4.sh,try,0,cold,1.008032825000555,0,False,27043,,True
spell,spell-4.sh,try,0,warm,0.24183486599940807,0,False,27043,,True
spell,spell-4.sh,observe,0,cold,0.22452269600034924,0,False,22261,final,True
spell,spell-4.sh,observe,0,warm,0.20849094200093532,0,False,22261,final,True
spell,spell-4.sh,main,1,cold,0.5104586599991308,0,False,21643,,True
spell,spell-4.sh,main,1,warm,0.23611680799876922,0,False,21643,,False
spell,spell-4.sh,try,1,cold,1.0212919259975024,0,False,27043,,True
spell,spell-4.sh,try,1,warm,0.20681142399917007,0,False,27043,,True
spell,spell-4.sh,observe,1,cold,0.16793713199876947,0,False,22261,final,True
spell,spell-4.sh,observe,1,warm,0.2541347520018462,0,False,22261,final,True
spell,spell-4.sh,bash,1,cold,0.010628774001816055,0,False,0,,True
spell,spell-4.sh,bash,1,warm,0.008756208000704646,0,False,0,,True
spell,spell-4.sh,try,2,cold,0.8943107140003121,0,False,27043,,True
spell,spell-4.sh,try,2,warm,0.20688698099911562,0,False,27043,,True
spell,spell-4.sh,observe,2,cold,0.16676901500250096,0,False,22261,final,True
spell,spell-4.sh,observe,2,warm,0.14426515600280254,0,False,22261,final,True
spell,spell-4.sh,bash,2,cold,0.005911877000471577,0,False,0,,True
spell,spell-4.sh,bash,2,warm,0.007660355000552954,0,False,0,,True
spell,spell-4.sh,main,2,cold,0.5676065329971607,0,False,21643,,True
spell,spell-4.sh,main,2,warm,0.13181910400089691,0,False,21643,,False
spell,spell-5.sh,bash,0,cold,0.007977297998877475,0,False,0,,True
spell,spell-5.sh,bash,0,warm,0.00913728400337277,0,False,0,,True
spell,spell-5.sh,main,0,cold,0.5772692490027111,0,False,24848,,True
spell,spell-5.sh,main,0,warm,0.17365005199826555,0,False,24848,,True
spell,spell-5.sh,try,0,cold,1.2385341279987188,0,False,31095,,True
spell,spell-5.sh,try,0,warm,0.22256072300297092,0,False,31095,,True
spell,spell-5.sh,observe,0,cold,0.16757871599838836,0,False,25865,final,True
spell,spell-5.sh,observe,0,warm,0.15686593200007337,0,False,25865,final,True
spell,spell-5.sh,main,1,cold,0.6193041990009078,0,False,24848,,True
spell,spell-5.sh,main,1,warm,0.26978639899971313,0,False,24848,,True
spell,spell-5.sh,try,1,cold,1.2856646539985377,0,False,31095,,True
spell,spell-5.sh,try,1,warm,0.20592676799788023,0,False,31095,,True
spell,spell-5.sh,observe,1,cold,0.23400667100213468,0,False,25865,final,True
spell,spell-5.sh,observe,1,warm,0.20753447799870628,0,False,25865,final,True
spell,spell-5.sh,bash,1,cold,0.0064193980033451226,0,False,0,,True
spell,spell-5.sh,bash,1,warm,0.0088584160002938,0,False,0,,True
spell,spell-5.sh,try,2,cold,1.14504736699746,0,False,31095,,True
spell,spell-5.sh,try,2,warm,0.18943390900312806,0,False,31095,,True
spell,spell-5.sh,observe,2,cold,0.16125188899968634,0,False,25865,final,True
spell,spell-5.sh,observe,2,warm,0.14562455600025714,0,False,25865,final,True
spell,spell-5.sh,bash,2,cold,0.008470024997222936,0,False,0,,True
spell,spell-5.sh,bash,2,warm,0.010152560000278754,0,False,0,,True
spell,spell-5.sh,main,2,cold,0.586335798001528,0,False,24848,,True
spell,spell-5.sh,main,2,warm,0.1899013570000534,0,False,24848,,False
spell,spell-6.sh,bash,0,cold,0.06644594400131609,0,False,0,,True
spell,spell-6.sh,bash,0,warm,0.05966493300002185,0,False,0,,True
spell,spell-6.sh,main,0,cold,0.6812778929997876,0,False,1983101,,True
spell,spell-6.sh,main,0,warm,0.21694752400071593,0,False,1984507,,False
spell,spell-6.sh,try,0,cold,1.6769980259996373,0,False,1991722,,True
spell,spell-6.sh,try,0,warm,0.3674473430000944,0,False,1994631,,True
spell,spell-6.sh,observe,0,cold,0.2318033289993764,0,False,1984731,final,True
spell,spell-6.sh,observe,0,warm,0.310629837000306,0,False,1986327,final,True
spell,spell-6.sh,main,1,cold,1.3357005090001621,0,False,1983101,,True
spell,spell-6.sh,main,1,warm,0.17069972999888705,0,False,1984507,,False
spell,spell-6.sh,try,1,cold,1.7264381700006197,0,False,1991722,,True
spell,spell-6.sh,try,1,warm,0.2997905040028854,0,False,1994631,,True
spell,spell-6.sh,observe,1,cold,0.22473458999957074,0,False,1984731,final,True
spell,spell-6.sh,observe,1,warm,0.18347059699954116,0,False,1986327,final,True
spell,spell-6.sh,bash,1,cold,0.09306257299977005,0,False,0,,True
spell,spell-6.sh,bash,1,warm,0.05896146300074179,0,False,0,,True
spell,spell-6.sh,try,2,cold,1.7564749140001368,0,False,1991722,,True
spell,spell-6.sh,try,2,warm,0.23305320799772744,0,False,1994631,,True
spell,spell-6.sh,observe,2,cold,0.26985149100073613,0,False,1984731,final,True
spell,spell-6.sh,observe,2,warm,0.17823828899781802,0,False,1986327,final,True
spell,spell-6.sh,bash,2,cold,0.06829366500096512,0,False,0,,True
spell,spell-6.sh,bash,2,warm,0.06402271299884887,0,False,0,,True
spell,spell-6.sh,main,2,cold,0.6544091520008806,0,False,1983101,,True
spell,spell-6.sh,main,2,warm,0.2012118910024583,0,False,1984507,,False
spell,spell-7.sh,bash,0,cold,0.05946223100181669,0,False,0,,True
spell,spell-7.sh,bash,0,warm,0.05880692800201359,0,False,0,,True
spell,spell-7.sh,main,0,cold,0.6447380549980153,0,False,1984272,,True
spell,spell-7.sh,main,0,warm,0.1626063920011802,0,False,1984661,,True
spell,spell-7.sh,try,0,cold,1.85460748100013,0,False,1992917,,True
spell,spell-7.sh,try,0,warm,0.23103608200108283,0,False,1994809,,True
spell,spell-7.sh,observe,0,cold,0.3463382729969453,0,False,1985926,final,True
spell,spell-7.sh,observe,0,warm,0.1795810919975338,0,False,1986505,final,True
spell,spell-7.sh,main,1,cold,0.7320244820002699,0,False,1984272,,True
spell,spell-7.sh,main,1,warm,0.16311230800056364,0,False,1984661,,False
spell,spell-7.sh,try,1,cold,1.7828389200003585,0,False,1992917,,True
spell,spell-7.sh,try,1,warm,0.23826485799872898,0,False,1994809,,True
spell,spell-7.sh,observe,1,cold,0.34943545399801224,0,False,1985926,final,True
spell,spell-7.sh,observe,1,warm,0.17319987700102502,0,False,1986505,final,True
spell,spell-7.sh,bash,1,cold,0.06988225700115436,0,False,0,,True
spell,spell-7.sh,bash,1,warm,0.05754211000021314,0,False,0,,True
spell,spell-7.sh,try,2,cold,1.8189987050027412,0,False,1992917,,True
spell,spell-7.sh,try,2,warm,0.23539981499925489,0,False,1994809,,True
spell,spell-7.sh,observe,2,cold,0.40334675299891387,0,False,1985926,final,True
spell,spell-7.sh,observe,2,warm,0.1783913549988938,0,False,1986505,final,True
spell,spell-7.sh,bash,2,cold,0.08877460800067638,0,False,0,,True
spell,spell-7.sh,bash,2,warm,0.06307215999913751,0,False,0,,True
spell,spell-7.sh,main,2,cold,0.6280967419988883,0,False,1984272,,True
spell,spell-7.sh,main,2,warm,0.2801318359997822,0,False,1984661,,False
unixfun,10.sh,bash,0,cold,0.0916845520005154,0,False,0,,True
unixfun,10.sh,bash,0,warm,0.12279910200231825,0,False,0,,True
unixfun,10.sh,main,0,cold,0.2196550130029209,0,False,11578837,,True
unixfun,10.sh,main,0,warm,0.16049434199885582,0,False,11578837,,True
unixfun,10.sh,try,0,cold,2.0440442460021586,0,False,11585430,,True
unixfun,10.sh,try,0,warm,0.3880816419987241,0,False,11585430,,True
unixfun,10.sh,observe,0,cold,0.30894289600109914,0,False,11582294,final,True
unixfun,10.sh,observe,0,warm,0.1865766100017936,0,False,11582294,final,True
unixfun,10.sh,main,1,cold,0.21122799599834252,0,False,11578837,,True
unixfun,10.sh,main,1,warm,0.14573507500244887,0,False,11578837,,True
unixfun,10.sh,try,1,cold,2.0691438160029065,0,False,11585430,,True
unixfun,10.sh,try,1,warm,0.3032446879988129,0,False,11585430,,True
unixfun,10.sh,observe,1,cold,0.3224305009971431,0,False,11582294,final,True
unixfun,10.sh,observe,1,warm,0.168199490999541,0,False,11582294,final,True
unixfun,10.sh,bash,1,cold,0.08144516800166457,0,False,0,,True
unixfun,10.sh,bash,1,warm,0.07934176500202739,0,False,0,,True
unixfun,10.sh,try,2,cold,1.933822146998864,0,False,11585430,,True
unixfun,10.sh,try,2,warm,0.41380508200018085,0,False,11585430,,True
unixfun,10.sh,observe,2,cold,0.2826691900008882,0,False,11582294,final,True
unixfun,10.sh,observe,2,warm,0.21025557100074366,0,False,11582294,final,True
unixfun,10.sh,bash,2,cold,0.07602658299947507,0,False,0,,True
unixfun,10.sh,bash,2,warm,0.090702337998664,0,False,0,,True
unixfun,10.sh,main,2,cold,0.20416179899984854,0,False,11578837,,True
unixfun,10.sh,main,2,warm,0.14945227000134764,0,False,11578837,,True
unixfun,11.sh,bash,0,cold,0.08832518899725983,0,False,0,,True
unixfun,11.sh,bash,0,warm,0.09558405799907632,0,False,0,,True
unixfun,11.sh,main,0,cold,0.24741575200096122,0,False,11473381,,True
unixfun,11.sh,main,0,warm,0.17335722900315886,0,False,11473381,,True
unixfun,11.sh,try,0,cold,2.1832856080000056,0,False,11480180,,True
unixfun,11.sh,try,0,warm,1.0116613540012622,0,False,11480180,,True
unixfun,11.sh,observe,0,cold,0.28466196400040644,0,False,11476894,final,True
unixfun,11.sh,observe,0,warm,0.16862092399969697,0,False,11476894,final,True
unixfun,11.sh,main,1,cold,0.26404411000112304,0,False,11473381,,True
unixfun,11.sh,main,1,warm,0.16959245999896666,0,False,11473381,,True
unixfun,11.sh,try,1,cold,1.6786013089986227,0,False,11480180,,True
unixfun,11.sh,try,1,warm,0.9786888779999572,0,False,11480180,,True
unixfun,11.sh,observe,1,cold,0.28534672900059377,0,False,11476894,final,True
unixfun,11.sh,observe,1,warm,0.16788738000104786,0,False,11476894,final,True
unixfun,11.sh,bash,1,cold,0.09687255899916636,0,False,0,,True
unixfun,11.sh,bash,1,warm,0.1274452290017507,0,False,0,,True
unixfun,11.sh,try,2,cold,1.617069078998611,0,False,11480180,,True
unixfun,11.sh,try,2,warm,1.1178310900031647,0,False,11480180,,True
unixfun,11.sh,observe,2,cold,0.37476152700037346,0,False,11476894,final,True
unixfun,11.sh,observe,2,warm,0.21534441800031345,0,False,11476894,final,True
unixfun,11.sh,bash,2,cold,0.1005077549998532,0,False,0,,True
unixfun,11.sh,bash,2,warm,0.09413361100087059,0,False,0,,True
unixfun,11.sh,main,2,cold,0.25179916599881835,0,False,11473381,,True
unixfun,11.sh,main,2,warm,0.19005584199840087,0,False,11473381,,True
unixfun,12.sh,bash,0,cold,0.2973832930001663,0,False,0,,True
unixfun,12.sh,bash,0,warm,0.2246281510015251,0,False,0,,True
unixfun,12.sh,main,0,cold,0.4953477010021743,0,False,15982269,,True
unixfun,12.sh,main,0,warm,0.19676502699803677,0,False,15982269,,False
unixfun,12.sh,try,0,cold,1.8592986189978546,0,False,15989344,,True
unixfun,12.sh,try,0,warm,1.5543858999990334,0,False,15989344,,True
unixfun,12.sh,observe,0,cold,0.5345827159981127,0,False,15986879,final,True
unixfun,12.sh,observe,0,warm,0.26387905099909403,0,False,15986879,final,True
unixfun,12.sh,main,1,cold,0.37282626899832394,0,False,15982269,,True
unixfun,12.sh,main,1,warm,0.15452300200195168,0,False,15982269,,False
unixfun,12.sh,try,1,cold,2.2018386960007774,0,False,15989344,,True
unixfun,12.sh,try,1,warm,1.4640035219999845,0,False,15989344,,True
unixfun,12.sh,observe,1,cold,0.5131910489981237,0,False,15986879,final,True
unixfun,12.sh,observe,1,warm,0.19656456599841476,0,False,15986879,final,True
unixfun,12.sh,bash,1,cold,0.21695313199961674,0,False,0,,True
unixfun,12.sh,bash,1,warm,0.21794818800117355,0,False,0,,True
unixfun,12.sh,try,2,cold,1.8793401519978943,0,False,15989344,,True
unixfun,12.sh,try,2,warm,1.3783043930015992,0,False,15989344,,True
unixfun,12.sh,observe,2,cold,0.5234356020009727,0,False,15986879,final,True
unixfun,12.sh,observe,2,warm,0.20554410999829997,0,False,15986879,final,True
unixfun,12.sh,bash,2,cold,0.22547246699832613,0,False,0,,True
unixfun,12.sh,bash,2,warm,0.2919354730001942,0,False,0,,True
unixfun,12.sh,main,2,cold,0.4156609819983714,0,False,15982269,,True
unixfun,12.sh,main,2,warm,0.15829106800083537,0,False,15982269,,False
unixfun,7.sh,bash,0,cold,0.07295059099851642,0,False,0,,True
unixfun,7.sh,bash,0,warm,0.07335296800010838,0,False,0,,True
unixfun,7.sh,main,0,cold,0.5842341280003893,0,False,10199793,,True
unixfun,7.sh,main,0,warm,0.14348837500074296,0,False,10199793,,False
unixfun,7.sh,try,0,cold,0.9000763990006817,0,False,10201480,,True
unixfun,7.sh,try,0,warm,0.18653513000026578,0,False,10201480,,True
unixfun,7.sh,observe,0,cold,0.31545239299885,0,False,10200584,final,True
unixfun,7.sh,observe,0,warm,0.15387945900147315,0,False,10200584,final,True
unixfun,7.sh,main,1,cold,0.5475843969979906,0,False,10199793,,True
unixfun,7.sh,main,1,warm,0.17263717199966777,0,False,10199793,,False
unixfun,7.sh,try,1,cold,1.5455397270015965,0,False,10201480,,True
unixfun,7.sh,try,1,warm,0.2155706889971043,0,False,10201480,,True
unixfun,7.sh,observe,1,cold,0.2343132610003522,0,False,10200584,final,True
unixfun,7.sh,observe,1,warm,0.15888717100096983,0,False,10200584,final,True
unixfun,7.sh,bash,1,cold,0.07148100400081603,0,False,0,,True
unixfun,7.sh,bash,1,warm,0.07375047499954235,0,False,0,,True
unixfun,7.sh,try,2,cold,0.8774052860026131,0,False,10201480,,True
unixfun,7.sh,try,2,warm,0.19183758700091857,0,False,10201480,,True
unixfun,7.sh,observe,2,cold,0.22837508000156959,0,False,10200584,final,True
unixfun,7.sh,observe,2,warm,0.16241484499914804,0,False,10200584,final,True
unixfun,7.sh,bash,2,cold,0.08587431900014053,0,False,0,,True
unixfun,7.sh,bash,2,warm,0.07402092700067442,0,False,0,,True
unixfun,7.sh,main,2,cold,0.6246091860011802,0,False,10199793,,True
unixfun,7.sh,main,2,warm,0.1389551610009221,0,False,10199793,,False
unixfun,8.sh,bash,0,cold,0.04958438999892678,0,False,0,,True
unixfun,8.sh,bash,0,warm,0.05002460700052325,0,False,0,,True
unixfun,8.sh,main,0,cold,0.6230939519991807,0,False,9699574,,True
unixfun,8.sh,main,0,warm,0.14023028099836665,0,False,9699574,,False
unixfun,8.sh,try,0,cold,1.0865382089978084,0,False,9702314,,True
unixfun,8.sh,try,0,warm,0.20378795699798502,0,False,9702314,,True
unixfun,8.sh,observe,0,cold,0.2044643230001384,0,False,9700970,final,True
unixfun,8.sh,observe,0,warm,0.15951654500167933,0,False,9700970,final,True
unixfun,8.sh,main,1,cold,0.5489551610007766,0,False,9699574,,True
unixfun,8.sh,main,1,warm,0.13979538100102218,0,False,9699574,,False
unixfun,8.sh,try,1,cold,1.0413357569996151,0,False,9702314,,True
unixfun,8.sh,try,1,warm,0.23847932200078503,0,False,9702314,,True
unixfun,8.sh,observe,1,cold,0.20652111399977002,0,False,9700970,final,True
unixfun,8.sh,observe,1,warm,0.16711757200027932,0,False,9700970,final,True
unixfun,8.sh,bash,1,cold,0.0515047679982672,0,False,0,,True
unixfun,8.sh,bash,1,warm,0.04512346800038358,0,False,0,,True
unixfun,8.sh,try,2,cold,0.9734593909997784,0,False,9702314,,True
unixfun,8.sh,try,2,warm,0.2209832299995469,0,False,9702314,,True
unixfun,8.sh,observe,2,cold,0.22958430200014845,0,False,9700970,final,True
unixfun,8.sh,observe,2,warm,0.1704338050003571,0,False,9700970,final,True
unixfun,8.sh,bash,2,cold,0.052715378002176294,0,False,0,,True
unixfun,8.sh,bash,2,warm,0.05041816100128926,0,False,0,,True
unixfun,8.sh,main,2,cold,0.7674387359984394,0,False,9699574,,True
unixfun,8.sh,main,2,warm,0.14201513399893884,0,False,9699574,,False
unixfun,9.sh,bash,0,cold,0.04884563499945216,0,False,0,,True
unixfun,9.sh,bash,0,warm,0.050648672000534134,0,False,0,,True
unixfun,9.sh,main,0,cold,0.6016094420010631,0,False,10735247,,True
unixfun,9.sh,main,0,warm,0.14431202599735116,0,False,10735247,,False
unixfun,9.sh,try,0,cold,1.4623401759999979,0,False,10739886,,True
unixfun,9.sh,try,0,warm,0.3240314799986663,0,False,10739886,,True
unixfun,9.sh,observe,0,cold,0.262949944997672,0,False,10737646,final,True
unixfun,9.sh,observe,0,warm,0.17217172699747607,0,False,10737646,final,True
unixfun,9.sh,main,1,cold,0.5904754040020634,0,False,10735247,,True
unixfun,9.sh,main,1,warm,0.14165012999728788,0,False,10735247,,False
unixfun,9.sh,try,1,cold,1.4479912839997269,0,False,10739886,,True
unixfun,9.sh,try,1,warm,0.28918797499864013,0,False,10739886,,True
unixfun,9.sh,observe,1,cold,0.22495971399985137,0,False,10737646,final,True
unixfun,9.sh,observe,1,warm,0.1837420049996581,0,False,10737646,final,True
unixfun,9.sh,bash,1,cold,0.04840359500303748,0,False,0,,True
unixfun,9.sh,bash,1,warm,0.046817510999972,0,False,0,,True
unixfun,9.sh,try,2,cold,1.5422314229981566,0,False,10739886,,True
unixfun,9.sh,try,2,warm,0.35626824899736675,0,False,10739886,,True
unixfun,9.sh,observe,2,cold,0.244887643999391,0,False,10737646,final,True
unixfun,9.sh,observe,2,warm,0.16273493699918617,0,False,10737646,final,True
unixfun,9.sh,bash,2,cold,0.04767789000106859,0,False,0,,True
unixfun,9.sh,bash,2,warm,0.046518653001839994,0,False,0,,True
unixfun,9.sh,main,2,cold,0.6092194699995161,0,False,10735247,,True
unixfun,9.sh,main,2,warm,0.14472165900224354,0,False,10735247,,False
weather,temp-analytics-1.sh,bash,0,cold,0.006320296000922099,0,False,0,,True
weather,temp-analytics-1.sh,bash,0,warm,0.008323987000039779,0,False,0,,True
weather,temp-analytics-1.sh,main,0,cold,0.1374248929969326,0,False,626,,True
weather,temp-analytics-1.sh,main,0,warm,0.17816645200218773,0,False,626,,True
weather,temp-analytics-1.sh,try,0,cold,1.0258682789972227,0,False,3109,,True
weather,temp-analytics-1.sh,try,0,warm,0.1921483480000461,0,False,3982,,True
weather,temp-analytics-1.sh,observe,0,cold,0.18372572699809098,0,False,2190,final,True
weather,temp-analytics-1.sh,observe,0,warm,0.14550701999905868,0,False,2190,final,True
weather,temp-analytics-1.sh,main,1,cold,0.1299573619980947,0,False,626,,True
weather,temp-analytics-1.sh,main,1,warm,0.1448025530007726,0,False,626,,True
weather,temp-analytics-1.sh,try,1,cold,1.010741512000095,0,False,3109,,True
weather,temp-analytics-1.sh,try,1,warm,0.18539714500002447,0,False,3982,,True
weather,temp-analytics-1.sh,observe,1,cold,0.21391452299940283,0,False,2190,final,True
weather,temp-analytics-1.sh,observe,1,warm,0.23391225199884502,0,False,2190,final,True
weather,temp-analytics-1.sh,bash,1,cold,0.006469369996921159,0,False,0,,True
weather,temp-analytics-1.sh,bash,1,warm,0.006074066001019673,0,False,0,,True
weather,temp-analytics-1.sh,try,2,cold,0.9608914990021731,0,False,3109,,True
weather,temp-analytics-1.sh,try,2,warm,0.190318491000653,0,False,3982,,True
weather,temp-analytics-1.sh,observe,2,cold,0.14026122099676286,0,False,2190,final,True
weather,temp-analytics-1.sh,observe,2,warm,0.16208452099817805,0,False,2190,final,True
weather,temp-analytics-1.sh,bash,2,cold,0.008981220998975914,0,False,0,,True
weather,temp-analytics-1.sh,bash,2,warm,0.008026379000511952,0,False,0,,True
weather,temp-analytics-1.sh,main,2,cold,0.13753439900028752,0,False,626,,True
weather,temp-analytics-1.sh,main,2,warm,0.1999562290002359,0,False,626,,False
weather,temp-analytics-2.sh,bash,0,cold,0.007863982998969732,0,False,0,,True
weather,temp-analytics-2.sh,bash,0,warm,0.009908712996548275,0,False,0,,True
weather,temp-analytics-2.sh,main,0,cold,0.14196720399922924,0,False,1010,,True
weather,temp-analytics-2.sh,main,0,warm,0.21314445899770362,0,False,1010,,True
weather,temp-analytics-2.sh,try,0,cold,1.3762048520002281,0,False,4077,,True
weather,temp-analytics-2.sh,try,0,warm,0.24594346999947447,0,False,5823,,True
weather,temp-analytics-2.sh,observe,0,cold,0.16999845600003027,0,False,3135,final,True
weather,temp-analytics-2.sh,observe,0,warm,0.17246204199909698,0,False,3135,final,True
weather,temp-analytics-2.sh,main,1,cold,0.14981924099993194,0,False,1010,,True
weather,temp-analytics-2.sh,main,1,warm,0.15336333600134822,0,False,1010,,False
weather,temp-analytics-2.sh,try,1,cold,1.8661718600014865,0,False,4077,,True
weather,temp-analytics-2.sh,try,1,warm,0.21967010300068068,0,False,5823,,True
weather,temp-analytics-2.sh,observe,1,cold,0.14643009399878792,0,False,3135,final,True
weather,temp-analytics-2.sh,observe,1,warm,0.170997969002201,0,False,3135,final,True
weather,temp-analytics-2.sh,bash,1,cold,0.009994976000598399,0,False,0,,True
weather,temp-analytics-2.sh,bash,1,warm,0.012042943999404088,0,False,0,,True
weather,temp-analytics-2.sh,try,2,cold,1.4401863519997278,0,False,4077,,True
weather,temp-analytics-2.sh,try,2,warm,0.2760018230001151,0,False,5823,,True
weather,temp-analytics-2.sh,observe,2,cold,0.18017995300033363,0,False,3135,final,True
weather,temp-analytics-2.sh,observe,2,warm,0.14210660100070527,0,False,3135,final,True
weather,temp-analytics-2.sh,bash,2,cold,0.01066154999716673,0,False,0,,True
weather,temp-analytics-2.sh,bash,2,warm,0.009629780000977917,0,False,0,,True
weather,temp-analytics-2.sh,main,2,cold,0.14316658600000665,0,False,1010,,True
weather,temp-analytics-2.sh,main,2,warm,0.1506231259991182,0,False,1010,,False
weather,temp-analytics-3.sh,bash,0,cold,0.010095069999806583,0,False,0,,True
weather,temp-analytics-3.sh,bash,0,warm,0.01615521100029582,0,False,0,,True
weather,temp-analytics-3.sh,main,0,cold,0.16110781299721566,0,False,2066,,True
weather,temp-analytics-3.sh,main,0,warm,0.13815506100218045,0,False,2066,,True
weather,temp-analytics-3.sh,try,0,cold,2.116523151002184,0,False,6184,,True
weather,temp-analytics-3.sh,try,0,warm,0.3896612919998006,0,False,7930,,True
weather,temp-analytics-3.sh,observe,0,cold,0.1663568709991523,0,False,4774,final,True
weather,temp-analytics-3.sh,observe,0,warm,0.1521149330001208,0,False,4774,final,True
weather,temp-analytics-3.sh,main,1,cold,0.16378071700091823,0,False,2066,,True
weather,temp-analytics-3.sh,main,1,warm,0.15344028300023638,0,False,2066,,False
weather,temp-analytics-3.sh,try,1,cold,1.8673665229980543,0,False,6184,,True
weather,temp-analytics-3.sh,try,1,warm,0.3387099820029107,0,False,7930,,True
weather,temp-analytics-3.sh,observe,1,cold,0.24025529400023515,0,False,4774,final,True
weather,temp-analytics-3.sh,observe,1,warm,0.22053110299748369,0,False,4774,final,True
weather,temp-analytics-3.sh,bash,1,cold,0.013018072997510899,0,False,0,,True
weather,temp-analytics-3.sh,bash,1,warm,0.014002457002789015,0,False,0,,True
weather,temp-analytics-3.sh,try,2,cold,1.9557865319984558,0,False,6184,,True
weather,temp-analytics-3.sh,try,2,warm,0.3242417200017371,0,False,7930,,True
weather,temp-analytics-3.sh,observe,2,cold,0.15629998999793315,0,False,4774,final,True
weather,temp-analytics-3.sh,observe,2,warm,0.2460348429995065,0,False,4774,final,True
weather,temp-analytics-3.sh,bash,2,cold,0.018531508001615293,0,False,0,,True
weather,temp-analytics-3.sh,bash,2,warm,0.01333747399985441,0,False,0,,True
weather,temp-analytics-3.sh,main,2,cold,0.17043555599957472,0,False,2066,,True
weather,temp-analytics-3.sh,main,2,warm,0.15182041699881665,0,False,2066,,False
weather,tuft-weather-1.sh,bash,0,cold,0.013956628001324134,0,False,0,,True
weather,tuft-weather-1.sh,bash,0,warm,0.02190612900085398,0,False,0,,True
weather,tuft-weather-1.sh,main,0,cold,0.21340896699985024,0,False,42733,,True
weather,tuft-weather-1.sh,main,0,warm,0.19921864899879438,0,False,42733,,True
weather,tuft-weather-1.sh,try,0,cold,1.6656814589987334,0,False,49561,,True
weather,tuft-weather-1.sh,try,0,warm,0.23651961300129187,0,False,49561,,True
weather,tuft-weather-1.sh,observe,0,cold,0.17072199899848783,0,False,45959,final,True
weather,tuft-weather-1.sh,observe,0,warm,0.14653745400210028,0,False,45959,final,True
weather,tuft-weather-1.sh,main,1,cold,0.15996797800107743,0,False,42733,,True
weather,tuft-weather-1.sh,main,1,warm,0.15535097000247333,0,False,42733,,True
weather,tuft-weather-1.sh,try,1,cold,1.668451544999698,0,False,49561,,True
weather,tuft-weather-1.sh,try,1,warm,0.2751941500027897,0,False,49561,,True
weather,tuft-weather-1.sh,observe,1,cold,0.1626671410012932,0,False,45959,final,True
weather,tuft-weather-1.sh,observe,1,warm,0.14471350199892186,0,False,45959,final,True
weather,tuft-weather-1.sh,bash,1,cold,0.025435908002691576,0,False,0,,True
weather,tuft-weather-1.sh,bash,1,warm,0.02438920199710992,0,False,0,,True
weather,tuft-weather-1.sh,try,2,cold,1.756576840998605,0,False,49561,,True
weather,tuft-weather-1.sh,try,2,warm,0.2379320270010794,0,False,49561,,True
weather,tuft-weather-1.sh,observe,2,cold,0.18634571299844538,0,False,45959,final,True
weather,tuft-weather-1.sh,observe,2,warm,0.22655028799999855,0,False,45959,final,True
weather,tuft-weather-1.sh,bash,2,cold,0.0254194759982056,0,False,0,,True
weather,tuft-weather-1.sh,bash,2,warm,0.023383996998745715,0,False,0,,True
weather,tuft-weather-1.sh,main,2,cold,0.16269278999970993,0,False,42733,,True
weather,tuft-weather-1.sh,main,2,warm,0.21365595400129678,0,False,42733,,True
weather,tuft-weather-2.sh,bash,0,cold,0.02690722400075174,0,False,0,,True
weather,tuft-weather-2.sh,bash,0,warm,0.03321973900165176,0,False,0,,True
weather,tuft-weather-2.sh,main,0,cold,0.18644784400021308,0,False,64061,,True
weather,tuft-weather-2.sh,main,0,warm,0.15626237600008608,0,False,64061,,False
weather,tuft-weather-2.sh,try,0,cold,2.503111269998044,0,False,72787,,True
weather,tuft-weather-2.sh,try,0,warm,0.2825559329976386,0,False,72787,,True
weather,tuft-weather-2.sh,observe,0,cold,0.19004123200284084,0,False,68269,final,True
weather,tuft-weather-2.sh,observe,0,warm,0.22894446099962806,0,False,68269,final,True
weather,tuft-weather-2.sh,main,1,cold,0.31756062700151233,0,False,64061,,True
weather,tuft-weather-2.sh,main,1,warm,0.29138386200065725,0,False,64061,,False
weather,tuft-weather-2.sh,try,1,cold,2.483297695998772,0,False,72787,,True
weather,tuft-weather-2.sh,try,1,warm,0.3319210310000926,0,False,72787,,True
weather,tuft-weather-2.sh,observe,1,cold,0.2932742570010305,0,False,68269,final,True
weather,tuft-weather-2.sh,observe,1,warm,0.17492660400239401,0,False,68269,final,True
weather,tuft-weather-2.sh,bash,1,cold,0.020633552001527278,0,False,0,,True
weather,tuft-weather-2.sh,bash,1,warm,0.026730890000180807,0,False,0,,True
weather,tuft-weather-2.sh,try,2,cold,2.3802921889982827,0,False,72787,,True
weather,tuft-weather-2.sh,try,2,warm,0.3255342500015104,0,False,72787,,True
weather,tuft-weather-2.sh,observe,2,cold,0.18790993899892783,0,False,68269,final,True
weather,tuft-weather-2.sh,observe,2,warm,0.23365996299980907,0,False,68269,final,True
weather,tuft-weather-2.sh,bash,2,cold,0.035390633001952665,0,False,0,,True
weather,tuft-weather-2.sh,bash,2,warm,0.022779420000006212,0,False,0,,True
weather,tuft-weather-2.sh,main,2,cold,0.18903763900016202,0,False,64061,,True
weather,tuft-weather-2.sh,main,2,warm,0.16656825199970626,0,False,64061,,True
weather,tuft-weather-3.sh,bash,0,cold,6.889189243000146,0,False,0,,True
weather,tuft-weather-3.sh,bash,0,warm,6.9696441819978645,0,False,0,,True
weather,tuft-weather-3.sh,main,0,cold,12.822782774001098,0,False,649807,,True
weather,tuft-weather-3.sh,main,0,warm,0.5273347049987933,0,False,649807,,False
weather,tuft-weather-3.sh,try,0,cold,17.27260493200083,0,False,722866,,True
weather,tuft-weather-3.sh,try,0,warm,14.175060915000358,0,False,722866,,True
weather,tuft-weather-3.sh,observe,0,cold,9.801238616000774,0,False,692297,final,True
weather,tuft-weather-3.sh,observe,0,warm,9.665354841003136,0,False,692297,final,True
weather,tuft-weather-3.sh,main,1,cold,12.707152776001749,0,False,649807,,True
weather,tuft-weather-3.sh,main,1,warm,0.5302849670006253,0,False,649807,,False
weather,tuft-weather-3.sh,try,1,cold,17.21333613800016,0,False,722866,,True
weather,tuft-weather-3.sh,try,1,warm,13.640978693998477,0,False,722866,,True
weather,tuft-weather-3.sh,observe,1,cold,9.856545394999557,0,False,692297,final,True
weather,tuft-weather-3.sh,observe,1,warm,9.570685277001758,0,False,692297,final,True
weather,tuft-weather-3.sh,bash,1,cold,6.903827989001002,0,False,0,,True
weather,tuft-weather-3.sh,bash,1,warm,7.045230906998768,0,False,0,,True
weather,tuft-weather-3.sh,try,2,cold,17.550843357999838,0,False,722866,,True
weather,tuft-weather-3.sh,try,2,warm,14.070009761002439,0,False,722866,,True
weather,tuft-weather-3.sh,observe,2,cold,9.904008971996518,0,False,692297,final,True
weather,tuft-weather-3.sh,observe,2,warm,9.808491519997915,0,False,692297,final,True
weather,tuft-weather-3.sh,bash,2,cold,6.804811272999359,0,False,0,,True
weather,tuft-weather-3.sh,bash,2,warm,6.90617746299904,0,False,0,,True
weather,tuft-weather-3.sh,main,2,cold,12.743643977999454,0,False,649807,,True
weather,tuft-weather-3.sh,main,2,warm,0.45981642300102976,0,False,649807,,False
word-freq,top-n.sh,bash,0,cold,1.529786774997774,0,False,0,,True
word-freq,top-n.sh,bash,0,warm,1.3482892040010483,0,False,0,,True
word-freq,top-n.sh,main,0,cold,1.109001763001288,0,False,39633264,,True
word-freq,top-n.sh,main,0,warm,0.2131350529998599,0,False,39648279,,False
word-freq,top-n.sh,try,0,cold,2.3632564279978396,0,False,39639750,,True
word-freq,top-n.sh,try,0,warm,2.3190008940000553,0,False,39655748,,True
word-freq,top-n.sh,observe,0,cold,1.3891900510025152,0,False,39639613,final,True
word-freq,top-n.sh,observe,0,warm,0.23820506099946215,0,False,39654949,final,True
word-freq,top-n.sh,main,1,cold,1.184052968998003,0,False,39633264,,True
word-freq,top-n.sh,main,1,warm,0.16990068800078006,0,False,39648279,,False
word-freq,top-n.sh,try,1,cold,2.3743057969986694,0,False,39639750,,True
word-freq,top-n.sh,try,1,warm,2.591452147000382,0,False,39655748,,True
word-freq,top-n.sh,observe,1,cold,1.4239602499983448,0,False,39639613,final,True
word-freq,top-n.sh,observe,1,warm,0.2987267680000514,0,False,39654949,final,True
word-freq,top-n.sh,bash,1,cold,1.364333629997418,0,False,0,,True
word-freq,top-n.sh,bash,1,warm,1.4322952769980475,0,False,0,,True
word-freq,top-n.sh,try,2,cold,2.259322418998636,0,False,39639750,,True
word-freq,top-n.sh,try,2,warm,2.288197070000024,0,False,39655748,,True
word-freq,top-n.sh,observe,2,cold,1.4505427409967524,0,False,39639613,final,True
word-freq,top-n.sh,observe,2,warm,0.23890653899798053,0,False,39654949,final,True
word-freq,top-n.sh,bash,2,cold,1.4460126259982644,0,False,0,,True
word-freq,top-n.sh,bash,2,warm,1.5546494949994667,0,False,0,,True
word-freq,top-n.sh,main,2,cold,1.1116170589993999,0,False,39633264,,True
word-freq,top-n.sh,main,2,warm,0.19288500499897054,0,False,39648279,,False
word-freq,wf.sh,bash,0,cold,1.3716837520005356,0,False,0,,True
word-freq,wf.sh,bash,0,warm,1.4419242719995964,0,False,0,,True
word-freq,wf.sh,main,0,cold,1.0761291929993604,0,False,39633264,,True
word-freq,wf.sh,main,0,warm,0.17623407400242286,0,False,39633264,,False
word-freq,wf.sh,try,0,cold,2.0506380990009347,0,False,39639750,,True
word-freq,wf.sh,try,0,warm,2.000266658000328,0,False,39639750,,True
word-freq,wf.sh,observe,0,cold,1.4295444890012732,0,False,39639613,final,True
word-freq,wf.sh,observe,0,warm,0.322916996999993,0,False,39639613,final,True
word-freq,wf.sh,main,1,cold,1.031550055999105,0,False,39633264,,True
word-freq,wf.sh,main,1,warm,0.19459231200016802,0,False,39633264,,False
word-freq,wf.sh,try,1,cold,2.4052880739982356,0,False,39639750,,True
word-freq,wf.sh,try,1,warm,2.033088370997575,0,False,39639750,,True
word-freq,wf.sh,observe,1,cold,1.4875805100018624,0,False,39639613,final,True
word-freq,wf.sh,observe,1,warm,0.2542594040023687,0,False,39639613,final,True
word-freq,wf.sh,bash,1,cold,1.631977116001508,0,False,0,,True
word-freq,wf.sh,bash,1,warm,1.8419161349993374,0,False,0,,True
word-freq,wf.sh,try,2,cold,2.408749935999367,0,False,39639750,,True
word-freq,wf.sh,try,2,warm,1.9709068039992417,0,False,39639750,,True
word-freq,wf.sh,observe,2,cold,1.526626312002918,0,False,39639613,final,True
word-freq,wf.sh,observe,2,warm,0.2512564469980134,0,False,39639613,final,True
word-freq,wf.sh,bash,2,cold,1.9697652059985558,0,False,0,,True
word-freq,wf.sh,bash,2,warm,1.7560440470006142,0,False,0,,True
word-freq,wf.sh,main,2,cold,1.1092539339988434,0,False,39633264,,True
word-freq,wf.sh,main,2,warm,0.22950546799984295,0,False,39633264,,False
web-search,engine.sh,bash,0,cold,1.040987751002831,0,False,0,,True
web-search,engine.sh,bash,0,warm,1.1195132970024133,0,False,0,,True
web-search,engine.sh,main,0,cold,5.064768042000651,0,False,376935,,True
web-search,engine.sh,main,0,warm,0.9345498959992256,0,False,376935,,False
web-search,engine.sh,try,0,cold,1.7333814250014257,0,False,2773,,True
web-search,engine.sh,try,0,warm,1.005227426001511,0,False,2773,,True
web-search,engine.sh,observe,0,cold,1.2294331789998978,0,False,1228,final,True
web-search,engine.sh,observe,0,warm,0.98400686199966,0,False,1228,final,True
web-search,engine.sh,main,1,cold,5.030061563000345,0,False,376935,,True
web-search,engine.sh,main,1,warm,0.9310141429996293,0,False,376935,,True
web-search,engine.sh,try,1,cold,1.8839652919996297,0,False,2773,,True
web-search,engine.sh,try,1,warm,1.1781956209997588,0,False,2773,,True
web-search,engine.sh,observe,1,cold,1.1612467730010394,0,False,1228,final,True
web-search,engine.sh,observe,1,warm,0.9988940510011162,0,False,1228,final,True
web-search,engine.sh,bash,1,cold,1.0136450940008217,0,False,0,,True
web-search,engine.sh,bash,1,warm,1.0654536850015575,0,False,0,,True
web-search,engine.sh,try,2,cold,1.441631759997108,0,False,2773,,True
web-search,engine.sh,try,2,warm,1.0258052079989284,0,False,2773,,True
web-search,engine.sh,observe,2,cold,1.0550391920005495,0,False,1228,final,True
web-search,engine.sh,observe,2,warm,1.137685745001363,0,False,1228,final,True
web-search,engine.sh,bash,2,cold,0.8140284050023183,0,False,0,,True
web-search,engine.sh,bash,2,warm,1.1519411459994444,0,False,0,,True
web-search,engine.sh,main,2,cold,5.617736475996935,0,False,376935,,True
web-search,engine.sh,main,2,warm,0.9583186350027972,0,False,376935,,False
